place_name,review_text,review_rating
taman impian ancol,free entry during jakartas anniversary start from stopped by at lagoon beach and was full of ppl take care and enjoy everyone,5
taman impian ancol,ancol semenjak ganti scurity aman tentram tidak was was kita wisata sekarang security santun,5
taman impian ancol,lokasi makin oke luas rapih dan bersih hanya di bagian kapal sedkit bau pesing sisi kiri yg ada pom bensin di dlm letsguide,4
taman impian ancol,seru seru wahananya paling favorit naek kereta misteri,5
taman impian ancol,seruan bareng kesayangan,5
taman impian ancol,bagaimanapun kalau ke dufan selalu happy terutama toiletnya skrg sdh bersih dan cukup nyaman mungkin bbrp hal yg bisa ditingkatkan adalah pengadaan shelter untuk bbrp wahana seperti wahana ice age antrian selalu panjang tp hanya bbrp spot yg tertutup payung besar sisanya sambil menunggu kulit akan terbakar parah krn waktu menunggu yg cukup lama lalu kebersihan alatalat di wahana terutama arung jeram kursi wahana arung jeram banyak yg berlumut sehingga jd cukup ngeri untuk duduk bersandar dan air yg ada di bbrp wahana agak bau ice age istana boneka niagaragara arung jeram masalahnya air tersebut akan terkena ke muka bahkan bisa tdk sengaja masuk mulut dan tertelan,4
taman impian ancol,mantep banget kebeneran ga banyak antri,5
taman impian ancol,tempat yang seru buat rekreasi keluarga,5
taman impian ancol,tempat liburan seru,5
taman impian ancol,puas maen d ancol,4
taman impian ancol,tempat asik yang mainstream untuk berlibur bersama keluarga di jakarta,5
taman impian ancol,really good place if we visit when its not in holiday seasondont buy from ancol website look for traveloka or other online ticketing platform for discount,5
taman impian ancol,tempat rekreasi segala umur banyak pilihan tempat,5
taman impian ancol,salah satu destinasi wisata keluarga yang ada di jakarta banyak spot wahana yg disediakan salah satunya kebun binatangnya yg ckup walaupun kurang luas dan binatang nya harus ditambah lagi ya biar variasinya bnyak,4
taman impian ancol,ancol terlalu mahal ksian buat org tak mampu msuk ny ja blom motr itu blom plus sm anak sm laki sm makan mahal deh pkok ny,5
taman impian ancol,bagus dan murah hanya saja pantainya kotor harusnya pengembang lebih memperhatikan kebersihan supaya di air tidak banyak sampah berserakan,5
taman impian ancol,sunggu indah,4
taman impian ancol,tgl mei,4
taman impian ancol,masih sama seperti dulu ya seperti itu aja tapi pantainya lumayan bersih dari sampah karena ada petugas kebersihannya yg keliling,4
taman impian ancol,gk bakal bosen kl main kesini banyak pilihan liburan makanna juga banyak dan untunk nyenengin bocah pas banget ada yg gratis dan ada juga yg bayar akses kl naik angkutan umum jiga mudah di dalam juga ada transjakarta premium buat keliling sekitr ancol,5
taman impian ancol,taman rekreasi terbaik untuk keluarga,5
taman impian ancol,tempat rekreasi yg nyaman aman bagi semua orang tersedia bus ac untuk wara wiri ke wahana yg lainnya,5
taman impian ancol,ada air mancurnya juga yg bisa menari,5
taman impian ancol,still the best,5
taman impian ancol,tempatnya bagus buat rekreasi bersama teman maupun keluarga untuk tempat bermainnya terutama ice age harus di peremajaan lagi dah soalnya dl main ice age dingin bngt sekarang gak dingin dingding di dalem ya pda berdebu dan pengap di dalam makasih,5
taman impian ancol,main air di pantai ancol kotoran nempel di baju semacam bercakoil dicuci pun tidak hilang baju putih jd coklat tdk akan pernah main air lagi di pantai ancol kalau memang sekotor dan sepolusi itu lebih baik pantai ditutup agar tidak membahayakan org yg bermain disanaaplg byk anak,1
taman impian ancol,masih jadi tempat yg enak buat sekedar duduk ngobrol minum kopi dipinggir pantai sambil liat banyak orang lalu lalang semoga terus ditingkatkan kesadaran orang yg berkunjung pengelola untuk tetap menjaga kebersihan keamanan,5
taman impian ancol,ke sini dalam rangka menghadiri tahun anniversary garda oto juni,5
taman impian ancol,nice,5
taman impian ancol,masuk area ancol berbayar mobil rb sama tiket per orangnya rb juga,5
taman impian ancol,liburan ramai lancar,5
taman impian ancol,seruu bersama keluarga di hari atau musim liburan yg gk terlalu ramai jadi bisa naik semua wahana tanpa antri panjang,5
taman impian ancol,tempat liburan keluarga bangetterutama pantainy sukak sekali,5
taman impian ancol,taman impian jaya ancol pancen joz tempat yang bagus untuk hieling berlibur sangat cocok buat merepres otak dan pikiran yang mumet tempatnya indah banget,5
taman impian ancol,kalo kesini pagi enak,5
taman impian ancol,liburan bareng rekan kerja di ancol ini benerbener bikin suasana kerja makin cair dari yang tadinya cuma kenal di kantor sekarang jadi lebih deket dan banyak ketawa bareng nggak cuma ngelepas penat tapi juga bikin chemistry tim makin kuat pulang dari ancol rasanya badan fresh lagi dan siap buat kerja dengan semangat baru jadi kalau kamu lagi nyari ide buat outing kantor yang seru dan nggak kaku taman impian jaya ancol ini rekomendasi banget dijamin bikin kerja makin kompak dan happy terus,5
taman impian ancol,tempat cocok untuk acara bareng keluarga,4
taman impian ancol,parkir mobil setengah mati lahan parkir malah dibuat sirkuit,1
taman impian ancol,senang dan bahagia,5
taman impian ancol,good,5
taman impian ancol,okelah tiket masuk berdua rb include motor enaknya sore kalo siang puanash,4
taman impian ancol,ancol semakin bagus,5
taman impian ancol,seru permainan u anak remaja klo terlalu kecil ada playground di area ice age,5
seaworld ancol,seru liat bbrp show di sea world anakanak senang,5
seaworld ancol,baguuss sekali banyak kegiatan yg dapat diikuti tidak membuat bosan meski dr pagi sampai sore,5
seaworld ancol,ikanya sedikit jenisnya banyak karang yang tempatnya kosong,4
seaworld ancol,kesini hari senin periode akhir liburan idul adha pengunjung tidak terlalu ramai lumayan edukatif terkait biota laut yang tersebar di beberapa aquarium ada beberapa pertunjukan yang diadakan di jam tertentu,5
seaworld ancol,nice place for your kids,5
seaworld ancol,beli tiket masuk bisa datang langsung dan lewat traveloka ya guys kemarin aku dapat promo traveloka ternyata terkena tanggal juni ini salahku juga kemarin ga liat tgl waktu kami mau masuk gerbang sea world indonesia tgl juni ga bisa refundganti tanggal klo lwt traveloka jadi pengalaman jadi disini agak rame krn posisi masih libur ya guys utk edukasi anak cocok nihh bisa mengenal hewan juga krn anakku full baterainya jadi sesuka dia tapi dari keseluruhan aku suka tempat ini,5
seaworld ancol,good experience but you have to go at morning if you want to discover such places follow me on instagram eliok,4
seaworld ancol,bagus bisa lihat dunia laut anak anak senang di ajak liburan di sea world ancol recommended,5
seaworld ancol,ya sangat cocok buat mengenalkan satwa bawah laut ke anak anak,5
seaworld ancol,lebih di perbanyak lagi ikannya,5
seaworld ancol,kesini sama rombongan anak sekolah tk wahana banyak menyenangkan puas liburan kesini,5
seaworld ancol,wahana edukasi yang bagus untuk sikecil bisa melihat berbagai macam tipe ikan bahkan di jam dan ada pertunjukan memberi makan ikan,5
seaworld ancol,datang kesini pas hari libur tanggal mei kondisi lumayan ramai mengenang kenangan kesini pas masih kecil ternyata ga banyak berubah tapi semakin bagus acara atau pertunjukan di jam jam tertentu ikan sangat beragam banyak penjelasan terkait ikan yang di tampilkan souvenir juga bagus lucu cuma sedikit mahal untuk kegiatan bareng keluarga sangat cocok ketika weekend terutama kalau bawa anak bukanya sampe sore sekitar jam sore harga tiket lumayan terjangkau ribu,5
seaworld ancol,tempat wisata terbaik di jakarta bisa menambah wawasan tentang hewan laut,5
seaworld ancol,no antri pdhl pas tanggal merah surprisingly bersih harga ga mahal amat ikan terawat dan sehat extra points for this dan sangat suka sering ada feeding show tiap sejam sekali kalo gasalah karyawan ramah sea world jaya jaya jaya,5
seaworld ancol,liburan sekolah kesini ajak anakanak seru banget bisa liat berbagai jenis ikan air tawar atau air laut secara langsung dan tak lupa ada berbagai atraksi di dalam aquarium raksasa atraksi juga seru karena yang bisa jawab pertanyaan bisa dapat sticker anakanak suka,5
seaworld ancol,tempat enak buat santai bersama keluarga kedua kalinya kesini,5
seaworld ancol,sudah agak kumuh perlu renovasi,4
seaworld ancol,good experience bringing baby here staff nya ramah informatif dan satwa lautnya cukup banyak di bandingkan aquarium lainnya di jakarta namun ada beberapa kaca yang sedikit buram dan kebersihannya kalau bisa dj rating,5
seaworld ancol,baru kesini lagi setelah bertahuntahun ikan hiu nya kurang dulu seperti nya ada hiu martil sekarang ga ada semoga semakin maju lagi seaworld indonesia,4
seaworld ancol,seaworld yg sekarang jauh lebih mengecewakan dibanding dulu pertama kali ke sana di tahun yg sekarang banyak akuarium yg kuantitas ikan dan ubur nya lebih sedikit dan terasa lebih kosong kaca aquarium jg semakin buram dengan harga tiket kpax di weekend dengan kualitas seaworld yg semakin menurun sekarang berasa ga worth it semoga lebih di maintain dan diperbagus lg,3
seaworld ancol,sekarang berasa lebih dikit ikannya dulu masih ada dugong sekarang udah gak ada lalu di kolam besar dulu masih ada hiu sekarang udah ga ada sama sekali dilihatlihat yang paling wow petugasnya bilang di mic kalau hiu adalah hewan ganas padahal ganasan manusia yg ngambilin sirip hiu,3
seaworld ancol,mengenalkan berbagai macam hewan biota yang ada dibawah laut anak sangat antusias happy selain itu ada pertunjukan penyelam memberi makan hiu tersedia foodcourt nursing room juga,5
seaworld ancol,tidak banyak perubahan kaca aquarium banyak yang sudah buram perlu renovasi agar lebih kekinian tempat tidak begitu besar wc bersih ada nursing room juga disarankan beli tiket online agar lebih murah dan tidak antri pegawai ramah,3
seaworld ancol,bagus,5
seaworld ancol,mantap masih terawat padahal terakhir th yang lalu datang kesini,5
seaworld ancol,karena sedang sepi jd tidak antri tapi tambah sore banyak anak jd lumayan antri,5
seaworld ancol,tempat yg asik untuk rekreasi bersama bayi dan istri tempat lumayan bersih staff baik dan ramah terima kasih juga untuk penyu dan ikan hiu yg sudah mau nemenin bayi saya makan jadi ga gtm,4
seaworld ancol,sudah berpuluh tahun lalu sampai sekarang ga ada yang baru,1
seaworld ancol,seru bisa liat berbagai jenis hewan laut,5
seaworld ancol,ga ngebosenin seru deh pokoknya,5
seaworld ancol,pengalaman yang sangat menyerukan buat anak,5
seaworld ancol,tempatnya sudah agak tua kaca aquariumnya sudah agak buram perlu direnov supaya lebih fresh karena dari sejak terakhir kesana tahun an ga banyak berubah wcnya surprisingly bersih,4
seaworld ancol,beli tiketnya lewat online aja di traveloka tiketcom dll harga tiket k perorang sedangkan di online ada banyak promo yang bs diambil nice ya,4
seaworld ancol,tempatnya bagus buat edukasi dan wisata anak,4
seaworld ancol,sangat menyenangkan bisa bawa keluarga cukup luas juga banyak pertunjukan jadi ga bosan cuma muter liat ikan,5
seaworld ancol,tempat rekreasi utk keluarga nyaman utk di kunjungi parkir mobil luas motor juga luas,5
seaworld ancol,area parkir luas yg punya bayi dan balita tersedia nursery room yg nyaman dan dekat dg masjid kalau yg hendak shalat biota laut beragam dan cocok untuk wisata edukasi anak,5
seaworld ancol,klo ke jkt wajib ajak anak kesini wisata edukasi yg keren,5
seaworld ancol,seaworld ancol masih keren seperti jaman dulu kecil seneng bisa kesini lagi staff ramah dan baik,5
seaworld ancol,bisa liat penyelam kasih makan ikan di aquarium besar tersedia lorong ikan aquarium pas masuk ada banyak yg foto ternyata buat foto di lorong kaca nantinya backgroundnya di edit ada galery ikan diatas bisa mengetahuinya spesifikasi nama spesies dilaut ada game virtual didalam air ada ikan hiu kecilkecil dan besar anakanak sangat aktif sekali disini,5
seaworld ancol,walopun udah kelihatan tua bangunannya tapi tetep ok kok dan menyenangkan untuk bawa toddler,5
seaworld ancol,seru dah pokoknya,5
seaworld ancol,luar biasa,5
seaworld ancol,tempat yang diaukai anakanak karena ada atraksi fish feeding ada piranha feeding shark feeding juga kolamkolam kecil lainnya yang perlu diperhatikan adalah jamjam feedingnya misal piranha feeding jam shark feeding jam dan lainlain datang kesini saat weekdays sungguh menyenangkan karena tidak perlu anti panjang untuk beli tiket dan di dalam tidak penuh sesak dengan pengunjung ada beberapa tenant makanan di foodcourtnya parkir pembelian tiket dan pembelian merchandise bisa menggunakan berbagai metode pembayaran bisa tunai qris debit card maupun credit card very recommended untuk visit kesini bersama anakanak,5
seaworld ancol,selain untuk tempat wisata juga baik untuk edukasi anak tentang biota laut,5
seaworld ancol,seru bgt kesini tuhh anak aku seneng kebetulan aku beli tiket di traveloka krna lebih murah dan yg paling penting toilet nya bersih wangi,5
seaworld ancol,good place to go out with family and kids must watch birds show very underrated but really enjoyable,4
seaworld ancol,sebaiknya beli tiket online ya minimal h,5
seaworld ancol,rekomendasi wisata di jakarta khususnya bagi pecinta satwa air di sini kita akan diperlihatkan banyak akuarium dari ukuran kecil hingga raksasa ikannya juga variatif ada ikan air laut dan tawar mulai dari ikan koki sampai ikan hiu banyak yang bisa dipelajari di sini cocok sekali bawa anak anak untuk mengenal macam macam ikan dan ekosistem laut untuk tempat sebenarnya sudah lama namun masih terawat dengan sangat baik fasilitasnya seperti toilet super bersih di sini ada banyak store mulai dari merchandise dan food court untuk tiket masuk saya pesan melalui traveloka dengan harga rb an di weekend ini belum termasuk tiket masuk kawasan ancol sebesar rb ya,5
seaworld ancol,lebih baik beli tiket secara online aja krn harga jauh lebih murah dibanding on the spot ots hrganya sedangkan online beli di traveloka dpt hrg k utk weekend tempatnya adem bgt dan dipintu masuk aquarium ada booth poto yg bisa ditebus ketika keluar harganya k mahal bgt krn dpt foto uk k kalo ga salah dan keychain yg isinya foto jg trus diluar aquarium akan ada banyak tukan foto asal jepret dan nanti akan ngejar utk dibeli fotonya lbr k dan hasilnya blurkalo kalian gamau beli jg gapapa kok,4
seaworld ancol,lumayan banyak variatif ikannya ada show performance kasih makan ikan tapi ga ada putri duyungnya padahal anakku pgn lihat putri duyung lorong aquariumnya magical krena liat ikan pari gede yang lucu sih,5
seaworld ancol,bagus cuman tempatnya kurang luas,4
seaworld ancol,beberapa kali ke seaworld perubahan masih sedikit,3
seaworld ancol,jalan jalan sama keluarga memang paten lah disini cocok,5
seaworld ancol,wonderful experience,5
seaworld ancol,sea world ancol selalu jadi tempat favorit saya kalau lagi cari destinasi wisata edukasi yang seru di jakarta tempatnya luas bersih dan nyaman buat jalanjalan bareng keluarga teman atau pasangan begitu masuk langsung disambut dengan suasana aquarium besar yang dipenuhi berbagai jenis ikan warnawarni yang cantik banget salah satu yang paling saya suka di sini adalah terowongan bawah lautnya sensasinya keren banget bisa jalan di dalam terowongan kaca dengan ikanikan besar pari sampai hiu berenang di atas kepala kita rasanya kayak lagi diving di laut beneran selain itu ada juga aquarium khusus uburubur yang tampilannya estetik banget buat fotofoto pelayanannya juga oke staff di sini ramah dan sigap kalau ditanya soal informasi koleksi biota laut fasilitasnya lengkap mulai dari area makan toilet yang bersih sampai area duduk buat istirahat harga tiketnya menurut saya sepadan dengan pengalaman yang didapat apalagi kalau datang di hari biasa suasananya lebih lengang jadi bisa lebih puas explore buat yang bawa anakanak ini juga cocok banget karena banyak informasi edukatif soal dunia bawah laut pokoknya kalau lagi ke ancol jangan sampai lewatkan sea world tempat ini benarbenar worth it buat refreshing sekaligus belajar hal baru tentang kehidupan di bawah laut bakal ke sini lagi deh,5
seaworld ancol,udah banyak berubah ikannya touch pool dah sedikit isinya semoga management bisa memperbaiki jangan kalah dengan aquarium yg baru,4
seaworld ancol,tempatnya cukup bagus perawatan dan juga program di dalamnya saya menyarankan untuk membeli tiket lewat partner ticketing lumayan dapet diskon,5
seaworld ancol,mantap pokonya tiket lebih murah beli di aplikasi dari pada langsung soalnya pas di antrian loket juga disarankan online lewat aplikasi,5
seaworld ancol,keresn,5
seaworld ancol,kali kedua kesini pas anak thn sama kemarin udah thn kesini lagi ga banyak yg berubah anak tetep enjoy karna suka liat banyak jenis hewan laut hehe,5
seaworld ancol,owner baik ramah harga murah,5
seaworld ancol,anak seru keliling beribu bnyk ikan,4
seaworld ancol,wisata edukatif dengan keluarga,5
seaworld ancol,tempat edukatif satwa laut yang sangat menarik beli tiket online di situs acol,5
seaworld ancol,cocok buat family time,5
seaworld ancol,nice collection of fishes,5
seaworld ancol,pengalaman yang menarik untuk dikunjungi seru banget pokoknya liatin ikan ikan,5
seaworld ancol,sea world ancol yang terletak di kawasan taman impian jaya ancol jakarta utara adalah destinasi wisata edukatif dan rekreatif yang ideal untuk liburan keluarga dengan lebih dari akuarium dan kolam terbuka tempat ini menampilkan sekitar ekor biota air tawar dan ekor biota laut termasuk berbagai spesies ikan reptil dan avertebrata salah satu daya tarik utama adalah antasena tunnel terowongan bawah air sepanjang meter yang memungkinkan pengunjung merasakan sensasi berjalan di dasar laut sambil dikelilingi ikanikan besar selain itu terdapat shark aquarium yang menampilkan berbagai spesies hiu serta jellyfish sphere yang memamerkan keindahan uburubur dengan pencahayaan menakjubkan untuk interaksi langsung anakanak dapat mengunjungi touch pool di mana mereka bisa menyentuh bintang laut dan hewan laut lainnya sea world juga menawarkan pertunjukan menarik seperti piranha feeding show yang diadakan setiap hari pukul wib fasilitas penunjang meliputi ruang menyusui mushola food court dan toko suvenir dengan kombinasi edukasi dan hiburan sea world ancol memberikan pengalaman liburan keluarga yang menyenangkan dan berkesan,5
seaworld ancol,anak senang sekali kesini banyak edukasi utk anak pokoke bermanfaat,5
seaworld ancol,bagus bisa memperkenalkan dunia laut untuk anak anak,5
seaworld ancol,if during the holidays looking for parking close to seaworld is a bit difficult so get parking a bit far away the show is always full maybe need to add additional screens next to the show if you cant see closer,5
seaworld ancol,ok keren,5
seaworld ancol,lumayan menghibur saat gak tau mau ngapain di jakarta hihi,5
seaworld ancol,tempat ini cocok untuk membawa anakanak sambil mengenalkan berbagai jenis ikan laut,5
seaworld ancol,bagus lengkap barangnya,5
seaworld ancol,nice view,5
seaworld ancol,tukang foto area sebelum masuk seaworld sangat mengganggu dan memaksa ada keamanan tapi diem diem bae sangat payah pihak pengelolanya sudah tau banyak bintang karna hal ini tapi gada penertiban samasekali btw gaminta foto ya candid hasil jelek fak pulang tiba tercetak gakan balik lagi si kalo masih liat rombongan itu di depan hati buat kalian yang datang dan tiba di foto dia malak model fotographer,1
seaworld ancol,pas datang bertepatan sama anak sekolah datang rombongan jadi terlalu berisik dan ga bs menikmati dengan nyaman mungkin kalo bs di share jadwal kunjungan rombongan jadi bagi yg memang mau menikmati dan nyaman bs pilih hari lain,3
seaworld ancol,disarankan beli tiket beberapa hari sebelumnya secara online agar lebih murah dan opsi banyak,5
seaworld ancol,lebih baik beli tiket online ya karna perbandingan harganya lumayan sih yah oke lah untuk anak,5
seaworld ancol,ke sini di long weekend ramai tapi masih bisa dinikmati banyak show feeding animalsnya juga bocil happy bisa liat banyak hewan laut di sini,5
seaworld ancol,seru sih apalagi bawa anak main mengenal berbagai hewan laut d sana,5
seaworld ancol,anjayyy imo,5
seaworld ancol,sea world aquarium raksasa diauguhkan macam biota laut berada di komplek ancol beach jakarta,5
seaworld ancol,bagus si rekomended pokonya anak aku happy sekali liat ikan ikan yang ada di sea world,5
seaworld ancol,beri moment terbaik untuk buah hati kita di seaworld ancol,5
seaworld ancol,saat liburan penuhterasa ada air netes ternyata luar hujan derassemoga terua meningkatkan kualitas bs setara singapore,5
seaworld ancol,tempat liburan cocok buat anak anak untuk edukasi dunia bawah air,5
seaworld ancol,ga seru pas kesitu tgl mei eskalator di terowongan aquariumnya mati,1
seaworld ancol,seru bangettt walaupun ujan cuma pengunjung nya ttp byk,5
seaworld ancol,hiburan selaligus belajar mengenal hewan hewan laut tapi kolam touch nya gak ada padahal exited pengen bgt anak,5
seaworld ancol,seru bisa lihat ikan laut dari dekat bahkan bisa pegang kecuali hiu,5
seaworld ancol,ok semoga koleksi ikannya bertambah kolamnya terawat harga tebus photonya agak pricey,5
seaworld ancol,bagus untuk edukasi anak,4
seaworld ancol,oke,4
seaworld ancol,kerenn,5
seaworld ancol,old unkempt and charges rb per head just to enter a crappy old place,1
seaworld ancol,better kesini hari minggu lebih sepi lebih nyaman,5
seaworld ancol,overall tempatnya bagus dan nyaman buat liburan keluarga,5
seaworld ancol,seru seru seru,5
seaworld ancol,masyaallah anak suka banget liat koleksi sea world,5
seaworld ancol,tempat yang bagus untuk edukasi anakanak untuk mengenal makhluk lautan kalau beruntung bisa melihat pemberian makan dalam aquarium yang besar,5
seaworld ancol,bulan mei ini saya mau mengulas sedikit seaworld pertama kali saya kesini waktu sdsltp sekarang saya kesini sdh berkeluarga seaworld yang sekarang nampaknya harus mulai di perhatikan seperti terowongan kacanya yg sdh buram biota laut yg semakin sedikit kemudian setelah masuk antrian kedalam kita ditawarin mau foto apa engga saran saya untuk harga fotonya mungkin jgn terlalu mahal apalagi pengunjungnya kebanyakan anak anak backgroundnya sih bagus terowongan aquarium bentuknya gantungan kunci tapi terlalu mahal harganya untuk toilet nya sudah bersih foodcourtnya lumayan enak enak makanannya sukses selalu seaworld,4
seaworld ancol,liburan seru buat anak anak ramai pengunjungnya,5
seaworld ancol,mesti dibatasi pengunjungnya,5
seaworld ancol,alternatif pelepas penat sambil belajar dunia bawah laut dan air banyak hal yang belum kita pelajari di sekolah di sini banyak arenanya eksplore sebanyakbanyaknya,5
seaworld ancol,keren seakan kita berasa di dalam lautan,5
seaworld ancol,tiket beli di webnya promo wkt itu rborang kebetulan ambil di hari kerjaweekdays sepiiii bangeeet kaya lengang berasa banget bisa nikmatin suasananya sambil fotofoto dengan tenang ramenya cuma ada beberapa rombongan anak tk aja sih worth it utk bawa anak ngeliat hewan bawa laut,4
seaworld ancol,the experience was decent there was some few areas to explore and some interactive activities aswell surprisingly as big as it seems the place really doesn t have that many attractions compared to the other aquariums i ve visited in indonesia even just jakarta specifically seem to have much more shows feedings and more different things to see some things that shocked me were the amount of roaches that i found even on the ground i see larger roaches and the staff not doing anything about it another thing is they have a sign showing you on how to properly touch the sea creature i believe it was turtles and once you do that the staff tell you not to the ticket price is also abit pricy considering there isn t too much to see it would be a lot nicer if things were updated and more looked after,2
seaworld ancol,seru menarik tapi wahananya terasa kurang kami pikir untuk menikmati seluruh wahana akan makan waktu seharian ternyata setengah hari sudah selesai dengan sudah melihat semua atraksi yang ada,4
seaworld ancol,terakhir berkunjung sekitar hampir sepuluh tahun lalu tidak banyak berubah dan ada beberapa area yg baru sepertinya koleksi ikan masih sama sepertinya baru masuk aquarium ada staf yg menawarkan foto di green screen keluar terowongan ikan pun ada untuk toilet mohon untuk lebih diperhatikan kebersihannya,4
seaworld ancol,tempat yang bagus untuk menghabiskan liburan bersama keluarga lumayan bisa habis jam di dalam sayangnya jamx feeding ikan sebagian besar diatas jam an,4
seaworld ancol,bagus mengedukasi,5
seaworld ancol,area seaworld semuanya indoor jd enak adem hehe petugasnya ramah ajasih cuma sedih bgt musola sama rest area ga ada jd harus keluar dulu agak jauh,4
seaworld ancol,sangat menakjubkan,5
seaworld ancol,anak anak senang liat ikan ikan di seaworld dan juga pengalaman yg menyenangkan bagi anak anak,5
seaworld ancol,aku suka hewan laut pertunjukan hewan lautnya lucu gemas dan asik tidak pernah ku lewatkan pertunjukan hewan nya karna tidak buat bosan ataupun ngantuk berkah kelucuan tingkah hewan yang menarik perhatian,5
seaworld ancol,sangat senang melihat semua jenis ikan laut,5
samudra ancol,banyak show dan wahana yang worth it buat masyarakat,5
samudra ancol,gak nyesel banget main kesini anak happy orangtua apalagi dateng weekend jadi ga terlalu crowded areanya nyaman semua banyak pohon jadi sejuk dan adem ada area playground juga jangan lupa pakai promo beli tiketnya biar lebih murah dan make sure udah tau jadwal jadwal tiap shownya biar ga ada yang ketinggal biar ga rugi jangan lupa juga ambil foto bareng satwanya buat kenangan hehe,5
samudra ancol,niatnya masuk pas weekday biar ga ramai ternyata lumayan rame jg mantabs ada perkembangan setelah beberapa tahun ga kesini,5
samudra ancol,worth it banget si main ke gelanggan samudraper orang saat ini sekitar ribubisa menikmati singa laut lumba cinema d pinguin mermaid bird atraksibirdland terpisah tiket nyaabis itu ada wahana kaya di dufanada playgroundwah pokok nya sampe capemakan planet bakso enak bangetreccomended bakso nyaabis itu baru deh naek gondola sambil melepas lelah menikmati pemandangan pantai ancolkalo mau kesini datengnya pagi dari buka bakal puas,5
samudra ancol,sebagai sebuah tenang wisata liburan mungkin masih perlu banyak berbenah terutama dalam hal jadwal show serta pengaturan saat persiapan show karena terasa kurang persiapan yang buat pengunjung tidak nyaman,3
samudra ancol,seharian full disini untuk melihat banyak show pertunjukan hewan laut putri duyung,5
samudra ancol,bawa anak,4
samudra ancol,seumur baru kali ini ke samudra ancol padahal deket ternyata tempatnya seru apalagi bawa anak dijamin hepi wahana terbaik di cinema d,5
samudra ancol,masih menarik untuk anak terutama acara singa laut mermaid lumba dan atraksi burung yang kurang berkesan acara memberi makan pinguin overall anak seneng berkunjung kesini beli tiketnya online di web resmi ancol banyak promonya,5
samudra ancol,keren tapi maaf menurutku talent mermaid nya kurangbanyak ambil nafas ke atas jadi kurang memuaskan pertunjukan nyakostumnya jugakupikir ekornya bakal yg shining shimering gitu bahannya tapi trnyata tapi trnyata bahan biasa kyk kostum anak pertunjukan dolphin nya ruame pol tapi tetep yg paling seru,5
samudra ancol,destinasi wisata anak yg keren pertunjukan hewan jg bagus dn menyenangkan fasilitas lengkap permainan anak jg banyak,5
samudra ancol,ada berbagai macam hiburan dan pertunjukan di samudra ancol cocok untuk menghabiskan waktu bersama keluarga terutama yang mempunyai anak kecil karena banyak aktivitas yang sesuai pertunjukan sealion atau singa laut dan hewan lainnya penguin lumbalumba mermaids show sinema d dan berbagai wahana yang dapat dicoba antrian di weekend cukup ramai namun tidak sepadat dufan masih bisa menemukan banyak tempat untuk istirahat dan sekedar duduk duduk musholla dan toilet cukup nyaman suasana juga cukup rindang dan banyak yang berpiknik untuk menikmati makanan bersama di area lapangan rumput,5
samudra ancol,cocok buat anak,5
samudra ancol,tiket diskon rborang untuk pembelian orang dihari weekend tempatnya seru bersih sejuk cocok buat healing akhir pekan bersama keluarga,5
samudra ancol,sangat sangat buruk penjualan tiket online nya saya bayar orang dan barcode tidak muncul alhasil saya dan anak gk bisa masuk padahal bukti transferan sudah di kasih lihat sangat mengecewakan ini untuk pertama dan terakhir saya kesini,1
samudra ancol,seruuuu,5
samudra ancol,keren,5
samudra ancol,pertama kali ke samudera karena anak ingin melihat dolphin saya mendapatkan kesempatan untuk memberikan makan penguin dan dolphin secara langsung sangat menyenangkan di sisi lain ada kecemasan tersendiri terhadap satwa yang dijadikan objek atraksi saya berharap rekanrekan yang bekerja disini selalu menerapkan kaidah animal welfare agar tidak menyakiti hewan tersebut,4
samudra ancol,berkunjung membawa orang tim rombongan dengan tiket masuk ocean dream dan seaworld walau weekend kondisi pengunjung sepi secara umum jadi bisa santai jalanjalannya hanya beberapa wahana tidak berfungsi dan papan informasi jadwal pertunjukkan banyak yang tidak update,4
samudra ancol,best recreation for children,5
samudra ancol,seru tidak membosankan rapih apik,5
samudra ancol,tempat rekreasi sekaligus utk edukasi keluarga,4
samudra ancol,seneng bs ajak anak kesini tp sayang saat nonton pertunjukan panas jd anak nangis tp untuk permainan lumayan ga usah bayar lg jd anak happy lg,5
samudra ancol,jika hendak ke sini sebaiknya pakai grabbluebird supaya gratis car entrance lebih murah beli tiket di travelka drpd webnya ancl atau beli langsung saat ini d cinematic experience sedang diperbaiki hingga agustus karena atapnya ambrol not bad karena anda masih bisa menikmati dolphin show mermaid show penguin show dan otter feeding wahana bermain anaknya ada playground kecil dan ada komidi putar,4
samudra ancol,saya kesini hari biasa karna berharap pengunjung gak terlalu ramai tapi ternyata salah ada lebih dari rombongan sekolah yang datang di luar yang pribadi seperti saya saya tidak bisa menikmati pertunjukan hewan karna antrian yang sangat panjang di setiap pintu pertunjukan saya datang jam antri pertunjukan dolphin lalu liat pertunjukan jam siang dan jam saya keluar dari samudra ancol karna semakin siang semakin banyak orang yang masuk pertunjukan d juga tidak bisa di gunakan lain kali tolong di perhatikan kenyamanan yang pribadi juga karna kami membayar bukan dengan harga yang murah,1
samudra ancol,tempat yang asik buat bareng keluarga tidak perlu ke luar kota,5
samudra ancol,fleksibilitas pihak samudra oke banget bisa nambah jam tayang atraksi krn melihat kepadatan pengunjung diluar jadwal weekday di public information dateng bertiga pas weekday tapi berasa lg public holiday karena banyak banget rombongan anak sekolah paudtk next time kalau mau weekday kesini dengan ekspektasi agak sepi jgn pilih pas akhir semester sekolah gini,4
samudra ancol,keren,5
samudra ancol,cocok untuk edukasi anak,5
samudra ancol,good place,5
samudra ancol,selalu bagus menghibur dan hebat baik binatang dan yg ngajar nya semakin seru dr jaman tahun sebelumnya dan lebih rapih pengaturannya btw kenapa pelatihnya ga dipakein handsfree ya biar suaranya jelas ga teriak,5
samudra ancol,keocean dream samudra pas acara porseni tk langsung kita ngatri dipertujukan lumba itu yg diutamakan ternyata parah sekali antriannya samapi berdesak desak dan tidak ada pembatasan antrian sampai anakku jadi trauma harusnya sekelas ancol antisipasi dengan antrian yang berdesak desakkan dewasa dengan anak bercampur kasih anak yang mau nonton lumba untungnya terhibur sama lumbanya tapi anakku mau main yang lain udah gak mau karena trauma antriannya sayangkan udh bayar mahal tapi gak bisa masuk kepetunjukan semuanya,3
samudra ancol,buat anak oke bgt sih banyak mainan banyak atraksi binatang kudu seharian sih kalo kesini,4
samudra ancol,udah sering ke ancol tapi baru pertama kalinya ke samudra ancol bagusss dan tempatnya bersih seharian bisa nonton semua pertunjukan ada mermaid show dolpin show pinguin show bird show dan yang paling seru cinema d boleh bawa makanan dari luar tapi harus tetap jaga kebersihan yah didalam juga banyak yang jual makanan dan minuman loh jadi gak perlu khawatir kalau lapar dan haus yah di sini juga ada beberapa wahana permainan anak yang gratisssplayground toiletnya bersih dan ada ac jadi gak kegerahan seru buat ajak anak,5
samudra ancol,mantap,5
samudra ancol,bersih dan pas untuk ajak liburan anakanak,5
samudra ancol,wahana edutainment theme park yang berada di dalam kawasan ancol tempatnya nyaman untuk liburan bareng keluarga,5
samudra ancol,buat kalian yang lagi di jakarta dan cari tempat wisata keluarga yang seru dan penuh petualangan ocean dream samudra di ancol ini tempat yang wajib kalian kunjungi saya beberapa kali ke sini dan selalu terkesan dengan atraksi serta pengalaman yang ditawarkan begitu masuk kalian bakal langsung disambut sama suasana yang ramai dan penuh energi ada banyak atraksi menarik yang bisa kalian nikmati mulai dari pertunjukan lumbalumba yang keren banget sampe pertunjukan singa laut yang lucu dan menghibur anakanak pasti bakal suka banget nonton pertunjukan ini dan mereka juga bisa belajar banyak tentang kehidupan hewan laut salah satu atraksi yang paling saya suka adalah pertunjukan paus putih melihat paus putih beraksi di atas air itu benarbenar menakjubkan selain itu ada juga area akuarium yang bisa kalian eksplor di mana kalian bisa melihat berbagai jenis ikan dan biota laut lainnya dari dekat untuk yang suka tantangan ada juga beberapa wahana permainan yang bisa dicoba kayak perahu ayun dan korakora semua wahana ini aman dan dijaga dengan baik jadi kalian bisa menikmati permainan dengan tenang fasilitas umum di sini juga lengkap ada banyak area makan yang menyajikan berbagai pilihan makanan dan minuman jadi kalian bisa istirahat dan ngisi tenaga sebelum lanjut menikmati atraksi lainnya toilet dan fasilitas lainnya juga bersih dan terawat lokasinya strategis dan mudah diakses dari berbagai tempat di jakarta ditambah lagi dengan area parkir yang luas jadi kalian gak perlu khawatir soal parkir kendaraan secara keseluruhan ocean dream samudra ancol ini tempat yang recommended buat kalian yang mau wisata keluarga yang seru dan penuh petualangan di jakarta kalo kalian lagi cari aktivitas yang menyenangkan dan mendidik buat anakanak gak perlu ragu buat mampir ke sini ya,5
samudra ancol,liburan akhir pekan ke samudra ancol liburan sekalian edukasi untuk anakanak banyak permainan untuk anakanak dan juga dewasa lebih baik beli tiketnya online jadi lebih mudah karna hanya sistem barcode sudah bisa langsung masuk banyak talent jualan jugaaa jd tidak perlu bawa makanan dr rumah,5
samudra ancol,pertama kali mengunjunginya pada hari minggu datang pagi nungguin buka jam masuknya antri banyak wahana cocok untuk semua keluarga cuman waktu sore hujan kurang tempat berteduh keluarga semua senang kapan kapan berkunjung lagi,5
samudra ancol,seru untuk bawa anakanak kesini karena outdoor saran saya bawa payungtopi untuk anak,5
samudra ancol,membuka kembali memori waktu masih anak diajak kesni sekarang saya yg ajak anak kesnisemoga bisa menjadikan pengalaman yg berkesan untuk anakterima kasih telah memberikan kebahagian diwaktu anakanak,5
samudra ancol,tempat yg tepat untuk menghabiskan waktu bareng anakanak menambah pengetahuan dan pengalaman secara langsung,5
samudra ancol,harga murah meriah cocok untuk keluarga,5
samudra ancol,kerennn,5
samudra ancol,banyak wahana seru binatang nya juga banyak,5
samudra ancol,seruuu bnaget liburan kesini ajak keluarga,5
samudra ancol,tempat yang asik untuk bawa keluarga karena di dalam nya banyak sekali wahana buat tontonan anakanak yang sangat menghibur seperti dholpin anjing laut mermaid island birds d juga banyak stand jajanan makanan dan minuman yang harganya masih terjangkau,5
samudra ancol,rekomend sekali,5
samudra ancol,luas dan seru,5
samudra ancol,bersihrapipelayanan ramah jadwal show sesuai jadwal,5
samudra ancol,nagyon j hely gyerekkel s an lk l is van itt delfinek show f ka show sell show pingvin alpaka sok r t voltunk bent a programok kb percesek a vidra show is nagyon rdekes volt,4
samudra ancol,bagus buat anakanak belajar mengenal hewan laut melihat pinguin langsung dan pertunjukkan lumbalumba di dalamnya juga ada wahanawahana yang bisa untuk anakanak hingga dewasa,5
samudra ancol,tempat melihat binatang laut yg sangant menawan,5
samudra ancol,datang kesini weekday ketemu rombongan dari sekolah nonton wahana d mermaid lionsea lumba dll banyak wahana permainan jg taman rekreasi yg cocok utk keluarga,5
samudra ancol,aquarium nya kurang jernihsama maaf liat baju mermaid nya udah pada bolong seharusnya baju nya lebih menarik lagi,4
samudra ancol,tempat yg asik untuk mengajak keluarga bertamasya pertunjukan yg asik seru dan lucu spot makanan yg gampang di temui ada juga pertunjukan spesial event tertentu membuat datang ke tempat ini gak bikin bosen,5
samudra ancol,area nya juga tidak terawat ada karyawan saat pintu masuk ketus jawab nya ketika saya bertanya mending ke taman safari lebih seru,3
samudra ancol,seharusnya pihak pengelola lebih ketat terhadap aturan dengan melarang membawa rokok ke dalam area mengingat banyak anak dan bayi didalam area walaupun area terbuka tetep aja kalo bahkan puluhan yang merokok asepnya bisa dihirup anak anak apakah layak sdm sdm yang kaya gini kalo dikasih tau pasti batutambeng jadi tolong diperhatikan lagi aturan yang ketat,1
samudra ancol,pertunjukan lumba kurang bagus lumbanya tidak nurut banyak yg gagal,1
samudra ancol,sangat menarik kalau bisa diweekday kesininya,5
samudra ancol,seru sekali sayang kali pas kesana pas hujan,4
samudra ancol,menyenangkan,5
samudra ancol,jadwal suka ber ubah ubah tidak sesuai dengan ig untuk antrian yg teratur hanya di d karena berurut tapi untuk show lainnya parah berjubel desek desek an,5
samudra ancol,tolong lebih di tingkatkan lagi pelayanan kepada publik nya lebih ramah melayani pengunjung petugas nya ditambah untuk mengkoordinasikan pengunjung sudah antrian panjang tiba tibatiba didepan di closekamu datang jauh jauh sudah beli tiket menurut kami lumayan diakumulasi la dengan rombongan ratusan berapa jumlah nya untuk atraksi cuma sebentar durasi y min di tambah lah petugas juga g ada di berbagai titik bingung jadi nya mau tanya tanya,1
samudra ancol,berkunjung di waktu liburan sekolah kami datang di sebelum jam bukanya jadi belum terlalu ramai hanya saja memang saat baru masuk belum ada show ataupun permainan yang bisa dicoba tapi gapapa malah bisa menyusun jadwal wahana dan show yang ingin dicoba untuk show nya kalau bisa dilihat semua ya biar tidak rugi hehe tapi kalau harus pilih menurut saya yang wajib dilihat adalah cinema d dolphin dan sealion friends kalau untuk permainan yg antriannya paling panjang adalah ubur ubur balon udara dan mini roller coaster bisa naik berkali kali yang penting antri lagi lebih hemat kalau beli tiketnya minimal sekaligus wahana ancol ya jauh lebih hemat waktu itu saya beli wahana plus seaworld paginya ke ocean dream menjelang sore ke seaworld kalau combo wahana lebih hemat lagi tapi waktunya terlalu mepet,5
samudra ancol,hari sabtu kemarin liburan lebaran kami sekeluarga berlibur ke samudra ancol datang ke sini karena ingin melihat atraksi lumbalumba bersama anakanak harga tiket kami beli di applikasi biru ya tiket weekend bundling dengan seaworld seharga rp orang dengan harga segitu dan fasilitas serta atraksi yang banyak saya fikir sudah worth it ya kami sampai sekitar jam pintu gerbang di buka jam pagi saat masuk anak excited sekali selain ada pertunjukan dari lumbalumba friends banyak wahana yang bisa dinikmati oleh anak dan dewasa kami menyaksikan atraksi pinguin mermaid show setelah itu kami menonton atraksi lumbalumba berikutnya kami menonton atraksi singa laut dan berang atraksi berlangsu sekitar menit ya guys kami juga befoto bersama lumbalumba untuk harganya rb foto fotonya cukup bagus lumayan untuk kenangan anak nanti banyak vending machine minuman disana harganya lebih murah dibandingkan beli di food stall air mineral seharga rb air kemasan manis seharga rb aja food stall cemilan dan makanan beratpun ada ya guys komplit semuanya saya beli ayam crispy pcs dan nasi seharga rb harga masih standard harga tempat wisata yaa toilet banyak dan cukup bersih yang saya suka walaupun toiletnya duduk tapi ada keran air untuk ceboknya mushola cukup besar juga yaa bersih tapi terbuka kami tidak sempat naik wahana dan nonton cinema d karena mau lanjut masuk ke seaworld takut kesorean so far kami sekeluarga happy sekali main di samudra ancol dari jam walaupun capek karena jalan terus tapi puas sekali berlibur di sini well be back soon yaa sukses selalu samudra ancol,5
samudra ancol,bnyak tukang poto maksa tolong donk jd bikin risiko bnget,1
samudra ancol,sedikit mainannya banyak yg gak bisa dimainkan,2
samudra ancol,nyenengin bocah di saat liburan lebaran,5
samudra ancol,good expirience clean and friendly staff,4
samudra ancol,di area pertunjukan lumba tendanya banyak yg bocor jadi kemarin pas hujan banyak spot duduk yg basah,4
samudra ancol,rempat yang menyenangkan cocok untuk mengajak anak datang kesini,5
samudra ancol,great and fun place to visit during holiday especially for kids lots of animal show and educational places,5
samudra ancol,datang saat libur nasional seperti idul fitri harus siap siap antri panjang hampir semua wahana gak bisa di ikuti sebaiknya sudah di lokasi dari pagi hari jam agar semua wahana bisa di kunjungi dan penampilan di setiap wahana bisa dilihat,5
samudra ancol,gak kid friendly tangga curam setiap wahana stroller harus dititip di deket pintu masuk jadi repot kalo ujan tangga licin dan g ada anti slip performance nya bntr ga worth it buat desekan rame ngantri apalagi kalo ujan bocor dari tendanya,2
samudra ancol,bersama keluarga tempatnya nyaman tapi arena pertunjukan lumbalumbanya bocor ketika hujan mohon diberikan perbaikan ya,1
samudra ancol,tempat yg bagus utk pengenalan laut bagi anak anak,4
samudra ancol,tanti spettacoli e varie attrazioni abbiamo passato un bel pomeriggio,5
samudra ancol,good experience you need to check the schedule of sea animals show to get full experience here some play ground and kids arena are not available due to renovation here you would got more choices rather than sea world area bundling ticket prefered bring your cap or umbrella to protect you under sun or rain,5
samudra ancol,seru banyak show kalau kesini bulan puasa banyak promo,5
samudra ancol,lumayan buat anak anak ada pertunjukan lumbalumba dan arena bermain,5
samudra ancol,tempatnya seru rekomen buat edukasi anak banyak tempat show yg bisa di kunjungi seharian juga betah kita,5
samudra ancol,came here on weekday and its kinda crowded due to students outing class from several school better come here at morning cause some of the show starts at and i almost miss mermaid show at but i make it on time on weekday there are only shows time available in each attraction except d show i really enjoy all the show there are also some rides available for children to ride on,4
samudra ancol,sebenernya tempatnya bagus dan hiburannya oke mungkin sangat disayangkan pas saya ke lokasi dolphin show kita harus naik tangga tinggi sedangkan posisinya saya ini bawa anak kecil dan lansia entah apa pertimbangan panitia tidak membuka lebih awal gate yang akses tanpa naik tangga lalu masih terdapat beberapa pedagang dan tukang foto keliling yang cukup maksa terutama tukang fotonya saya rasa bila saya gak mau difoto gak perlulah difoto foto sembarang karena kan saya jadi bingung mau ditebus ya fotonya jelek gak ditebus dia nya kasian minta tarif masa awalnya ribu perfoto padahal shoot nya sembarangan dan kami jelas gamau difoto jadilah deal di untuk foto,4
samudra ancol,masih worthit kalau promo,5
samudra ancol,kadang kurang kondusif kalau lagi banyak kegiatan anak sekolah acaranya jdi bentrok semua but so far so good cuma agak lelah aja wkwkw,4
samudra ancol,cocok buat anak dah pokonya,5
samudra ancol,sy nntn dolpinshow keadaan penuhsy berdiri kata petugas suruh duduksy duduk ditempat yg ksongehh petugasnya dtg lagi dgn muka g ramahblg jgn duduk disitusuruh cari tempat diatasharusnya dr awal kasih tau donkjangan berdiri silahkan cari tempat ddk diatasdgn muka yg ramahini mah sumpah mukanya g enak bgt,1
samudra ancol,antrian tidak ada petugas yang mengawasi petugas dan wahana tidak ramah anak berkebutuhan khusus,1
samudra ancol,seru banyak permainan gratis buat anak dan dewasa,5
samudra ancol,lingkungan dan staff tidak ramah special need antrian barisan untuk masuk lokasi tidak teratur jumlah orang yang masuk wahana tidak dibatasi sehingga crowded toilet banjir dan bau,1
samudra ancol,tidak ramah oleh anak special needs petugas tidak ramah dan kurang baik toilet banjir dan bau terlalu krodit dan tidak ada batasannya di setiap show,1
samudra ancol,ga aksesibel untuk anak berkebutuhan khusus tolong dong diedukasi staffnyaa udah ga ramah judes pulaa pahami gimana anak anak berkebutuhan khusus apa salahnya sih diutamakan dulu fyi mereka ga bisa menunggu lama atau berakhir tantrum,1
samudra ancol,seru banget liat mermaid show liat cinema d tempat sama fasilitas nya jga nyaman banget dan lebih mudah beli tiketnya online jauh hari,5
samudra ancol,kesana pas acara anak tk se kabupaten masya allah rame nyaa tapi setelah belasan tahun baru ke ancol sekarang udah bagus banget bangunan dan fasilitasnya,5
samudra ancol,alhamdulillah taud al ikhlas berkesempatan berkunjung di bulan februari ke samudera ancol di hari jumat karena berdasarkan rekomendasi dari pengelola jumat lebih sepi dari hari biasanya yang ada porseni sehingga sangat padat kondisi nyaman memang pengunjung tidak terlalu membludak tapi ternyata wahana pertunjukan akan berhenti di jam untuk para petugas sholat jumat sebenarnya tidak masalah tapi sayangnya kondisi ini tidak di informasikan di awal akhirnya ada beberapa wanaha yang tidak bisa di saksikan karena menyesuaikan waktu kepulangan alhamdulillah cuaca cerah,5
samudra ancol,bagus cuman sayang bgt liat lumba di aquarium doang liat langsung nya full ngantri bgt,5
samudra ancol,nice place to get holiday with my family and kids,5
samudra ancol,tempat tujuan wisata yang masih menjadi favorit keluarga hingga saat ini mungkin lebih mengantisipasi penumpukan pengunjung pada saat hari libur bisa membeli tiket terusan pada banyak aplikasi,5
samudra ancol,jangan ke samudra dah rugiiii mending ke taman safari sekalian biar kata mahal juga banyak anak sekolah numpukkkk disitu percuma gak bisa liat wahana wahannya,1
samudra ancol,senang sekali menginap di mercure ancol hotel yang sangat kids friendly cocok untuk family staycation staff front office sangat ramah especially kak fitria thank you for the free upgrade check in process very smooth,5
samudra ancol,sudah banyak perkembangan tempat bersih layanan baik dtg pas waktu berbarengan anak sekolah,5
samudra ancol,senang sekali bisa berkunjung kesini,5
samudra ancol,kesini lagi setelah th lamanya pasca aksera dari pasar seni ancol edukasi anak ttg dunia lumba singa laut penguin pertunjukkan mermaid wahana bermain lainnya pertunjukkan ada jam jamnya maka sebaiknya sudah diperhitungkan biar dapet semuanya,5
samudra ancol,pas mau dateng harus cek jam show aku salah harusnya ke samudra dlu baru ke sea world biar ga ketinggalan byk show,4
samudra ancol,great experience much better if have bundling for photos ticket,5
samudra ancol,sangat rekomen untuk liburan bersama keluarga terutama untuk anakanak tempat rekreasi untuk bermain mengenal hewan melihat pertunjukan hewan tempatnya luas banget ada pertunjukan singa laut lumbalumba pinguin mermaid dll,5
samudra ancol,bagus untuk liburan keluarga,5
samudra ancol,seru untuk anak anak juga interaktif,5
dufan ancol,seruuuyy bangettt,5
dufan ancol,masih sama di ancol tempat ramah anakya walau tetep parkir harus sigap dan cepathehehe jangan lupa bawa tikarmakanan dan airbaju ganti dan alat mandiagar lebih memudahkan dan irit,5
dufan ancol,seruuu buangeett klo dr permainannya bagus aku sukaa pertama kali naik korakora rasanya kyk mau mati tp okelah gamau naik lagi temenku main arum jerang basah kuyup banget ahahahah makanan nya okelah kecuali roti onya aku pesen yg rotieskrim vanilla coklat kan yg vanila enak lah tp yg coklatnya aseeeemmm banget aneh bgt rasanya agak nyesel beli yg campur bonekanya lucu tp aku kismin jd ga beli,5
dufan ancol,tempat bermain keluarga banyak tempat baru beberapa di upgarde tapi kondisi kolamnya kotor kotor,5
dufan ancol,tempat higienis menu cukup komplit makanan sunda untuk rasa enak harga relatif murah atau sesuai lah parkiran luas mushola ada pelayanan sangat ramah kekeluargaan kalo pulang dari pandeglang lumayan sering mampir kesini saranuntuk lebih menarik lampu kelapkeliplampu hias malam nya diperbanyak dan dihias seunik dan sesemarak mungkin menurut saya rumah makan ini recommended,4
dufan ancol,seharian di dufan ancol healinghappyteriak bareng bestie wahananya bikin jantung mau copot tapi seru banget definitely a core memory apa lgi sma ice agenya seru bgt,5
dufan ancol,wahana perlu ditambah lagi,4
dufan ancol,menyenangkan my wife ku sampe kelelahan,5
dufan ancol,senin jan main di dufan fasttrak per org jatuhnya rb tapi jaket anak sy ketinggalan langsung lapor ke layanan costumer care mll wa sudah sy jelaskan ketinggalannya di panggung musik di atas sound sistem dekat wahana ontang anting jam lapor ditanggapi dg wa doang tapi gak diambil atau dicari katanya suruh tunggu sampai jam malam akhirnya sy ke dufan lagi sebelum balik jogja dan jaket masih di atas sound sistem artinya layanan costumer care nya abal abal tidak bertindak sama sekali omong doang bohong besar gak bisa dipercaya tolong petugas sore itu tanggal itu diberi pelatihan kerja gak bener,1
dufan ancol,emg kalo kesini hrs sabar dan ga bs sehari kelar nyobain semua wahana kalo pas ada promo atau hari libur kalo bawa bocil ga bnyk tmpt wahana yg bs dicobain kecuali udh tinggi minimal cm,5
dufan ancol,luv que was murder hours in line for each ride,5
dufan ancol,masa katanya makanan nya di simpan ternyata udah di buang sam kotak nya juga,1
dufan ancol,seruuuuuuuu tapi wahana bikin gue muntah dan puyeng abis wkwk,4
dufan ancol,goid place for healing with family but you have to wait for long at weekend,5
dufan ancol,seru banget main di dufan tapi pas kemarin kesan histeria nya lagi diperbaiki jadi ga bisa naik histeria,5
dufan ancol,permainan di sanaa sangattt seruu,5
dufan ancol,ayo ajak keluarga dan teman utk rasakan keseruan di dufan,5
dufan ancol,banyak wahana permainan yang menyenangkan,5
dufan ancol,main disana seru bgttt minusnya masa aku beli tiket gerbang masuk kali dihari yg sama temenku udah beliin tiket masuk buat aku terus kata mba nya tinggal scan barcode nya aja pas aku scan katanya kadaluarsa terus mba ya bilang tiketnya kadaluarsa ka itu tgl berapa pada baru dibeli beberapa menit yg lalu terus saya jelasin dan ditanyain jwb nya coba minta pdf nya ga ada pdf yg dikasi waktu beli tiketnya endingnya saya beli tiket lagi dan sampe skrg masih mempertanyakan knp bisa kayak gitu,3
dufan ancol,weekend penuh pengumjung,5
dufan ancol,for such a small theme park there are so much variety of rides you can enjoy,4
dufan ancol,prank paling gokil,5
dufan ancol,wahananya seru utk uji adrenalin bersama temanteman,4
dufan ancol,kereta misteri oke sih,5
dufan ancol,dufan merupakan tempat wisata di jakarta utara,5
dufan ancol,terlalu antri,3
dufan ancol,sedih banget liat pontangpontang wahana nostalgia waktu kecil ga terurus gini semoga segera dapat di restorasi dan biar rame,4
dufan ancol,banyak wahana yang asik dan menyenangkan,5
dufan ancol,baik untuk keluarga teruntuk anak permainan nya pada seru semua,5
dufan ancol,seru bgt cocok untuk liburan jalan brg temen dll,5
dufan ancol,tempat bermain yg bagus untuk anak,5
dufan ancol,seru bgtt,5
dufan ancol,dari kecil saya sangat suka tempat ini bolak balik kesini gapernah bosen tiap hari kesini merasa makin seru wahana nya gapernah bosenin,5
dufan ancol,seru semua permainannya mafaza,5
dufan ancol,ga pernah bosen untuk balik kesini semua wahana nya seru dan tempatnya cukup luas fasilitasnya cukup lengkap jadi bisa bawa keluarga atau teman dekat untuk liburan kesini,5
dufan ancol,wahananya banyak cocok untuk anak anak dan tempatnya luas,5
dufan ancol,wahana atraksi legendaris di jakarta arena permainan sebagian masih sama dengan awal berdiri selain itu ada beberapa wahana baru yang menarik juga,5
dufan ancol,beberapa permainan ada yang di perbaiki sedikit lebih sepi dari dulu,5
dufan ancol,enak walaupun enek sedikit pas naik kincir angin,5
dufan ancol,sangat menyenangkan,5
dufan ancol,permainan adrenalin,5
atlantis ancol,tempat nya cukup lama untuk maintenance lebih bisa ditingkatkan lagi,3
atlantis ancol,makanan minuman gak boleh masuk kamera boleh masuk air nya bersih,5
atlantis ancol,bagus bgt,5
atlantis ancol,kesini karena rumah dekat terakhir kesini boleh bawa tiker tapi peraturan sekarang tidak boleh bawa tikar jadi tikarnya di titip di penitipan tapi pas pulang kami lupa mengambilnya overall lumayan mungkin buat tempat bilasnya lebih diperhatikan lagi dan juga kebersihannya,4
atlantis ancol,tempat seru untuk ngajak keluarga berenang bermain bersama fasilitas nya banyak perosotan nya banyak bervariasi masuk ke semua umur dari anak sampai dewasa terimakasih,5
atlantis ancol,pakai annual pass jadi worth banget bisa tiap bulan berenang ngajak anak udah happy banget,5
atlantis ancol,the worst waterpark in the world the worker scammed us by saying we need to rent the float in order to ride some of the slides surprisingly none of the slides require the float we return the float mins late and asked for the deposit back in return for the worker has been misguidedscammed us we went to the management and did the complained regarding the issues unfortunately we have been ignored overall this is the worst experience ever for our family,1
atlantis ancol,tempat yang masih jadi pav sejak saya kecil sampe sdh punya anak tp ya tidak ada yang spesial kec paket anualpass,4
atlantis ancol,fun,5
atlantis ancol,ok,5
atlantis ancol,suka banget main ke atlantis ini pertama kalinya ajak anak ku ke waterpark biasanya renang di hotel atau swimming pool kecil selalu suka sama kebersihan atlantis dr area duduknya ruang ganti nya toiletnya semua bersih favorit ku kolam arus ombak insyaallah bakal balik lagi utk bikin annual pass,5
atlantis ancol,memori yg tak terlupakan,5
atlantis ancol,tempat berenang favorit bersama keluarga pakai annual pass lebih hemat,5
atlantis ancol,swimmiing daayy fasilitas lengkap makan minum murah ada loker toilet bilas bersih mushola jg ada apalagi wahananya banyak ada kolam ombak kolam busa seluncuran ember tumpah kolam arus aaahh anak betaah mamak masukangin haha,5
atlantis ancol,seruuu bgt kolamnya banyak mushola ada kalo ga salah tempat bilas juga banyak ga terlalu ngantri karna weekday anak betah berenang dr pagi sampe sore wkwk,5
atlantis ancol,sangat cocok utk rekreasi keluarga dan anak,5
atlantis ancol,slides are nice but what they dont tell you is in addition to the k idr atlantis ticket you need to pay k idr at the entrance of the ancol park atlantis opens at am but the first slide really opens at pm so not many things to do during hours,2
atlantis ancol,good fun experience with my friends but very expensive had to pay for almost everything like borrowing pelampung and renting lockers too expensive tickets for entry and waterpark itself is expensive place is unkept looks old,3
atlantis ancol,air kotor lingkungan sedikit kotor tempat sampah jarang atlantis ini harus sering di renovasi agar wisatawan sekain banyak,3
atlantis ancol,ch,1
atlantis ancol,biasa aja,1
atlantis ancol,caur penjaganya liat orang yg lain bawa makanan boleh giliran kita di sita makanan nya harus nya lebih adil nyesel saya masuk,1
atlantis ancol,bawa uang tunai untuk membayar loker karena mereka tidak menerima metode pembayaran lainnya di dalam anda dapat membayar makanan dan minuman dengan qr,5
atlantis ancol,tempatnya termasuk luas dan bersih hanya untuk masuknya saya sampai bolak balik scan annual pass saya ke luar hingga agak makan waktu yah harus diperbaiki lagi sistem annual passnya di dalam minuman makanan mahal sih udah gitu yang jual jutek dan banyak menu yang kosong alasannya tidak bisa mendadak lah banyak pilihan wahana kolam dan cukup jelas petanya penjaganya juga sangat informatif jika ditanya saran di depan arah masuk toilet wanita banyak laki duduk dan bahkan ganti pakaian disana tidak ditegur mohon lebih diperhatikan juga dan ada anak yang hanya pakai celana dalam di dalam kolam harusnya tidak bisa seperti itu demi kenyamanan bersama semoga semakin berbenah dan banyak pengunjung,5
atlantis ancol,happy,5
atlantis ancol,sangat luar biasa,5
atlantis ancol,kolam renang yang cukup seru dan lengkap dr kolam balita anak anak sampai kolam dewasapun ada sky box ckup nenantang ardenalin wahana lainpun tidak kalah serunya kolam ombaknya juga seru atraksi dr crew juga seru banget tempat istirahat dan makan dgn harga yang relatif untuk tempat wisata ada mushola yang nyaman juga seluncuran buat anak juga seru banget org dewasa masih memungkinkan untuk berseluncur di kolam anak mungkin tambahan buat pengelola agar menambahkan toilettempat ganti pakaian karena masih sedikit sering sering ada promo lagi kalau lagi promo murah banget masuk cmn rban kapan lagi coba,5
atlantis ancol,waterpark terlaris di jakarta,5
atlantis ancol,very nice selection of pools rented a gazebo to escape the midday sun wave pool is great,5
atlantis ancol,pergi ke atlantis di hari jumat jadi agak sepi saat naik perosotan yang tertutup badan saya tiba berhenti di tengah perosotan dalam keadaan gelap pas protes ke petugas katanya posisi tidur saya salah padahal posisi sudah tidur sesuai arahan tangga kolam di atlantis juga sangat licin dan petugas ga memperhatikan kebersihan ini terakhir kali saya ke atlantis,2
atlantis ancol,tempat wajib bawa anak main air annual pass sangat worth it,5
atlantis ancol,serunya maen air disini lah tempatnya yang menjadi kurang pemandangan nya belum di cat ulang sehingga terlihat kusam dan legendaris banget,3
atlantis ancol,seseru itu liburan dan berenang di sini apalagi kolam ombak dan kolam arus anak seneng sampai ga mau pulang toilet banyak dan bersih ruang bilas dan ganti pun banyak dan bersih,5
atlantis ancol,mantap,5
atlantis ancol,wahana ada dari untuk anak hingga orang dewasa untuk tiket sekitar per orang harga sewa ban agak mahal emang sekitar k ke atas dan gak boleh bawa makanan sendiri dari luar,4
atlantis ancol,well this is another story nothing new a few pools slides other part was closed small restaurants and a shop at the exit probably you would ask why i gave just stars to this waterpark first i should pay the ticket for the entrance to ancol territory second i should pay for the ticket for the entrance to the waterpark for riding all the rides and at the same time many slides were closed,3
atlantis ancol,banyak kucing liar dan petugas tidak peduli bahkan ada beberapa hewan yg kondisinya berpenyakit mohon kepada pengelola agar sterilkan wahana dari hewan liar utk kenyamanan dan menghindari dr penyebaran bibit penyakit thanks,2
atlantis ancol,fun for families a lot of slides even though some of them are a bit run down the months pass is really good value for money,4
atlantis ancol,airnya kurang bersih,3
atlantis ancol,sering main air di sini makin baik fasilitasnya,5
atlantis ancol,air ny jorok,2
atlantis ancol,kesini pas lagi promo diaplikasi enak sepi juga soalnya pas puasa cuma ga diinfoin kalau ternyata banyak yang sedang perbaikan jadi ga bisa full mainnya lokernya juga beberapa ga bisa dipakai,5
atlantis ancol,baru kali ini kecewa sm tempat wisata masa beli cireng bumbu tp malah belum matang dah gitu satpamnya juga judes bgt,1
atlantis ancol,saya kehilangan uang di dalam tas apakh ada conplimentsudah cek cctv jg,1
atlantis ancol,pengalaman kami berkunjung pada h idul fitri sebenarnya cukup nyaman dan sepi anakanak juga suka bermain dan berenang di atlantis loker toilet dan kamar mandi cukup banyak sehingga tidak antri ada banyak kolam renang juga yang jadi pilihan tapi ada kolam renang lupa namanya yang kering tidak ada airnya banyak perosotan tinggal pilih mau yang ketinggian berapa meter kedai makanan dan minuman juga banyak dengan harga yang masih wajar untuk ukuran tempat wisata dan libur panjang tetapi ada beberapa pengalaman yang membuat kami kecewa dan mengurangi kesenangan kunjungan kami seperti tidak tersedia loker keluarga dimana bapak ibu dan anak baik anak perempuan atau lakilaki bisa mengakses loker bersama hasilnya ada lakilaki yang masuk ke area loker perempuan dengan alasan mau ambil barang di loker pasangannya petugas termasuk security tidak tegas terhadap perokok ada tanda larangan merokok yang jelas dan mudah terbaca tetapi hanya berjarak tidak lebih dari meter dari tanda itu ada orang merokok dan begitu dilaporkan ke security malah securitynya yang tidak berani menegur bahkan bilang kalau di area makan boleh merokok tidak lama kemudian kami juga mendapati ada tamu yang baru masuk masih di area gate dan merokok bebas tanpa ditegur petugas yang berdiri di area gate perosotan dengan ban tidak bisa digunakan padahal sedang musim liburan tetapi mengapa tidak diantisipasi oleh manajemen lalu kalau memang perosotan ini rusak harusnya sudah diinfokan di awal jadi kami tidak perlu secara khusus menyewa ban yang tujuannya memang untuk menikmati perosotan tersebut semoga atlantis bisa lebih bagus lagi,3
atlantis ancol,this waterpark has been running for years it has great potential but it isnt looked after so much algae that couldve been scrubbed using chemicals they charge expensive rate for tourists although not maintain the pools up to par there is pool for toddler where there are balls and water fountain but the balls are nasty,2
atlantis ancol,dengan harga segitu sih sepadan sih dengan fasilitas yg di berikan dan cocok buat bareng keluarga,5
atlantis ancol,datang beberapa hari sebelum lebaran idul fitri kondisi kolam banyak daun pasir batu ulat dan sangat kotor apalagi kolam anak duhh luar biasa kotornya semoga kedepan lebih baik dan diperhatikan kebersihannya,2
atlantis ancol,good,5
atlantis ancol,kirain anak pilih dufan ternyata malah maunya ke atlantis masuk pas h lebaran cukup sepi kekurangannya ada batu pasir yg pecah dibawah kolam utama penjaga di luar slide cukup banyak tapi penjaga di slidenya hanya anak saya kepentok sama anak dewasa yg main slide padahal harusnya nunggu anak saya selesai di slide nya dulu baru orang nya slide ini super bahaya karena saya pernah ngalamin hal yg sama dan rasanya mau pingsan apalagi ini kena ke anak saya yg baru tahun kolam ombaknya ga seseru di wahoo bandung kurang greget dan juga agak serem juga soalnya di deket pintu ombaknya tingginya sudah meter sewa pelampungnya juga menurut saya mahal banget rp untuk jam saja dan lobang menurut saya cuman kolam utama saja yg seru sisanya kurang,5
atlantis ancol,lumayan tapi sayang banyak wahana yang tutup jadi kecewa,4
atlantis ancol,kurang orang penjaga yang mengerti aturan di atlantis sendiri kejadian yang sangat mengganggu a karena loker ada di ruang bilas pria dan wanita termasuk loker keluarga ada pria dewasa yang bisa masuk ke ruang bilas wanita walau sudah ada tanda pria dilarang masuk tidak ada yang menegur dari penjaga ketika kami tegur orang tersebut hanya belagak tidak tahu b ada pengunjung yang merokok tetapi penjaga justru menyatakan area yang di maksud adalah boleh merokok walau di antara tanda dilarang merokok jika boleh merokok tidak disediakan asbak sehingga pengunjung buang abu dan puntung tidak pada tempatnya sangat mengganggu untuk dapat disebut tempat rekreasi keluarga hal lainnya standar,3
atlantis ancol,hari ini tgl maret dtg ke atlantis ancol sangat disayangkan kolam nya banyak lumut dan kolam arusnya gak kencang jalannya serta kotor untuk supaya lebih di tingkatkan kebersihan kolamnyatks,3
atlantis ancol,mmmmm entah mungkin karena sedang puasa jadi sepi atau yg lain tapi memang tak terlalu ramai kolam arusnya tidak seperti dulu ya dulu naik diban bisa jalan sendiri ngikutin arus sekarang kudu didorong baru jalan tuh ban hampir semua kolam banyak daun an dan serbuk pohon ngebuat jadi agak terlihat kotor loker diruang gantinya juga banyak yg rusak makan dan minum tidak boleh dibawa dari luar tapi stand makanannya kebanyakan cuma jual pop mie dan cemilan yg jual nasi cuma stand,4
atlantis ancol,atlantis ancol ini tempat waterboom legend di jakarta dan mereka maintain dengan bagus tempat mandinya banyak dan ok bersih pastikan sebelum mandi airnya nyala atau engga untuk tempat berenangnya long crazy slide seru banget awalnya takut aneka perosotan di pintu utama juga seru hanya saja karena itu bulan puasa jadi ada wahana yg tidak bisa di pakai sedang perawatan dan tutup ternyata jam sore saat puasa,5
atlantis ancol,tempat kolam renang dengan berbagai wahana seluncuran yang asik untuk anak dan dewasa,5
atlantis ancol,tempatnya seru,5
atlantis ancol,sepi pas ramadhan bisa berenang sepuasnya,5
atlantis ancol,its great but lots of the slides are closed,4
atlantis ancol,bagus tempatnya utk liburan tapi kurang banyak wahananya,4
atlantis ancol,seruuuu bangettttttttttt wajib kesini kalo bingung mau kmna beli di onlen aja lebih murah ga usah sewa ban kalo kalian mau explore perosotan wkwkwkww soalnya ban cuma boleh di kolam,5
atlantis ancol,kolam renang modern pertama di indonesia ini masih sangat layak dikunjungi walaupun sudah berusia tua semua fasilitas masih berfungsi dengan baik,5
atlantis ancol,sudah berumur bangunannya,3
atlantis ancol,there were quite a few slides and rides to go on we visited during a weekday so there was no queue for anything entry price was reasonable and the refreshments cheap we spent around hours there and had a good time,4
atlantis ancol,sampai di atlantis masih jam sebelas kurang tapi yang berkunjung sudah lumayan ramai beli ticket yang annual pas ngurus annual pasnya sangat cepat photo dan jika akan berkunjung kembali minimal reservasi hari sebelum kita tadinya mau sewa ban double tapi harus nunggu sampai jam karen ban akan d kembalikan jam akhirnya kami pesan yang single aja dari pada harus nunggu terlebih dahulu mba yang jaga bilang udah langsung bayar aja mba d loket pembayaran dan setelah kita sampai d loket pembayaran kita bilang donk mau sewa ban single trus di tanya yang jaga mana kertas reservasinya lah tadi kata mba nya langsung aja dan tara tetap harus ambil kertas reservasi di tempat pengambilan ban mana sendal sudah di masukin locker matahari lagi terik nya kebayang donk jalan tanpa sendal makk panas bnged ntuh kaki mana harus ambil kertas reservasi ban balik lagi ke loket pembayaran trus balik lagi ke tempat pengambilan ban lain x mohon untuk pihak atlantis karwayan yang jaga ban untuk d training dulu untuk menginformasikan terlebih dahulu kalau mau bayar ban harus pake kertas reservasi agar tidak ada korban lagi yang harus bolak balik dan kakinya harus kepanasan jalan tanpa sendal harga sewa ban double rp deposit rp harga sewa ban single rp deposit rp sewa locker standard rp deposit rp sewa locker family rp deposit rp,5
atlantis ancol,kamis hari sebelum puasa ajak keponakan liburan ke atlantis krna dapat free tiket dari survey untuk tempat bagus dan luas fasilitas dan wahananya juga banyak cuma kalp bisa untuk ban dan loker ga perlu sewa jadi pengunjung bener dapat menikmati fasilitas dari atlantis,5
atlantis ancol,waterpark seruuuuuuuuuu bersih loker cukup banyak ruang ganti cukup banyak walau tetap antri untuk loker dan ban semua pesan di loket dan ada deposit jadi pastikan struk tidak hilang tempat makan cukup banyak dan tidak terlalu mahal payment bisa qris juga gas main,5
atlantis ancol,nie polecam przestarza e i zaniedbane miejsce,2
atlantis ancol,wahananya cukup banyak yang dapat di nikmati oleh pengunjung atlantis saat weekend atau libur nasional sangat padat pnegunjung yang datang harga terlalu tinggi untuk masyarakat menengah kebawah ada kolam untuk kebersihan masih di rasa kurang karena airnya sedikit keruh tapi secara keseluruhan sudah okelah untuk kekurangannya masih di tingkatkan lagi kedepannya,4
atlantis ancol,berada di kaeasan pantai ancol jakarta indonesia,4
atlantis ancol,kebetulan datang sudah pukul kolam tutup jam kolam tanding sedang dalam kondisi maintenance dan tidak bisa dipakai,5
atlantis ancol,good good,5
atlantis ancol,good selalu menghibur,5
atlantis ancol,penuh keseruan dan waktu jd berasa lebih cepat,5
atlantis ancol,beli tiket annual pass gabisa ternyata di tiket ada syarat dan kondisi malah jadi sekali pakai padahal harga lebih mahal lain kali kasih tanda kutip di produknya biar orang lebih paham beli itu akadnya annual pass malah jadi sekali kunjungan,1
atlantis ancol,good,3
atlantis ancol,wahanan lumayan bagus tp airnya perih dan asam sepet sewa gazebo lumayan mahal rb,4
atlantis ancol,every thing is good except the deposit lockers we have to pay for them and also tubes we have to rent them and they r not included in the tickets,4
atlantis ancol,seru ada prosotan yang bagus kolam renang anak bagus,5
atlantis ancol,datang saat libur panjang dan hujan tapi tetap seru beli tiket via online ada paket ber lebih murah anakanak senang wahana juga cukup banyak terdapat penyewaan loker ban renang hingga gazebo dengan harga yg lumayan pelayan ramah tempat makan dan jajanan juga ada,5
atlantis ancol,seru banget main disini banyak wahana air yang bisa dicoba tapi mungkin airnya ada yg kurang bersih jadi pulang pulang kena alergi bentol,5
atlantis ancol,puas main air di sini ada macam seluncuran kolam ombak mandi busa kolam bola juga kolam untuk berenang beneran,5
atlantis ancol,rameee tapi seruuuu,5
atlantis ancol,ada tips buat yg gak sewa gazebo dan mao gelaran di belakang aja deket yg wahana naga atau dekat kolam arus yg biru atau di tengah dekat kolam ombak jg banyak spot yy enak buat gelaran skyboxnya mantap harus di coba dua jempol buat petugas yg jaga karpet ada org yg mao curang gak gantian pake larpetnya langsung di tegur dan di ksh tau gantian pak sama yg lain,5
atlantis ancol,selalu seru klo ke atlantis kemarin dtg pas weekdays enak banget sepi biasa dtg pas weekend rame banget,5
atlantis ancol,ini tempat nya bagus banget terus nyaman banget dan fasilitas nya keren terus juga banyak banget seluncuran air nya jadi nya engga bosen pas main seluncuran air udah gitu paling gong nya ada ombak nya,5
atlantis ancol,baguss bangett luas banget,5
atlantis ancol,bagus sekali dan jika weekday sepi alhamdulillah,5
atlantis ancol,tempat andalan liburan berenang di jakarta,5
atlantis ancol,loker dan ban harus sewa dan di akrilit penyewaan tidak ada jam batas dari sewaan sebenarnya tidak masalah dengan harus sewa tetapi ketika mau mengambil deposit di info telat semenit saja deposit hangusalasan dari admin sistem sudah tutupseperti alasan klasik dan saya berpikir berapa banyak deposit orang orang yang di tahan dikarenakan hanya telat menit untun yang berkunjung di sini mending ga usah sewa ban selain mahal dan pakai deposit ada batas jam nya juga padahal di akrilit tidak ada batasan jam sewa ban,2
atlantis ancol,demi kelancaran proses pengiriman sudah diupdate titik lokasinya terima kasih,5
atlantis ancol,masuk ancol utk sekarang rborg mobil jg rbberenang di atlantis weekend org puas berenang disini ada kolam arus kolam ombak kolam tanding kolam pelangi perosotan utk ank jg banyak dan variasi dari yg tinggi dan pendek air jg bersih cuman perlu penyegaran karna warna cat sudah mulai lusuh dan keliatan tua jd perli cat ulang tempat bilas bersih dan jg banyak,4
atlantis ancol,liburan menyenangkan utk keluarga dan happy day,5
atlantis ancol,banyak pilihan kolam renang ga boleh bawa makanan dari luar jadi siapin dana utk beli makanan tempat bilasnya juga banyak,4
atlantis ancol,kebersihannya gak tau kenapa kaya kurang diperhatiin lumut daun kering yg menumpuk di jaring dll,4
atlantis ancol,bagus tempat nya dan nyaman perosotan nya,5
atlantis ancol,waslleee senyaman itu berenang disini wkwkw,5
atlantis ancol,untuk kolam renangnya ternyata memuaskan bisa untuk segala usia ada tambahan biaya untuk sewa tempat tapi ada juga tempat duduk yang gratisnya hanya saja banyak yang bawa tikar jadi terkesan kotor,4
atlantis ancol,airnya licin di kulit,2
atlantis ancol,kolam besar bersih banyak prosotan air bening saya rekomondasikan datang di hari minggu supaya bisa menikmati kolam ombak ada simulasi pertolongan pada korban tenggelam juga,5
atlantis ancol,dapat tiket promo tiket terusan dlm rangka hut ancollumayan banget untung datang pas sabtu gak begitu rame,5
atlantis ancol,sewa loker depositnya ga di balikinpetugasnya udah pulangpadahal kondisi liburan jadi mau bilas antribeda banget dengan kolam renang yg lainyg petugas sewa lokernya mau nungguin pengunjung sampai selesaipadahal lumayan uang depositnya buat beli makananterlalu ribet naik wahana aja pakai kaos ga bolehharus buka kaoscukup sekali ini aja lah kesiniuntung ga jadi beli yg anual pass,1
atlantis ancol,luar biasa,5
atlantis ancol,kolam ombak di atlantis dataran nya tajemtajem gradaakn tolol bikin kaki orang dewasat lecet apalagi kaki anak gataunya pulang dari maen berenang disini kaki anak gw pada bengkak gara jalan di dataran kolam ombak yg gradakan tajem itu tolol desain nya ngelukain banyak pengunjung itu pasti nyesel bikin annual atlantis,1
atlantis ancol,pertama kali ke atlantis dengan tiket promo bundle masuk atlantis dan ancol dari traveloka kita datang tanggal desember dengan banyak jalan akses ancol yang ditutup yang mengharuskan parkir mobil di kawasan pasar seni menit jalan kaki ke atlantis masuk dengan cukup scan tiket dan surprisingly tidak banyak pengunjung jadi cukup nyaman buat bermain bersama keluarga ada fasililitas loker yang terletak di dalam toilet dengan harga ribu ribu deposit yang akan dikembalikan pada saat pengembalian kunci dan koin overall tempatnya cukup nyaman dengan banyak permainanseluncuran tempatnya juga cukup teduh dengan banyak pepohonan konsepnya mirip waterbom pim waktu masih buka dan the jungle waterpark bogor bagi yang lapar dan haus bisa beli makanan dan minuman di corner snack yang tersebar di area atlantis yang perlu diperbaiki adalah perawatan dan kebersihan perlu ditingkatkan dan juga aturan tidak boleh membawa makanan dan minuman dari luar ternyata tidak berlaku karena ternyata masih ada yang membawa tapi secara keseluruhan oke lah anakanak happy bermain air,5
atlantis ancol,terbaik,5
atlantis ancol,meski belum ada wahana baru masih ok lah buat anak thn tempat renang yg terdekat dari rumah promo yg sangat menarik dgn pembuatan kartu tahunan,5
atlantis ancol,permainannya seru ada vip tapi ada ac seru banget ada makanan dan tempat sewa,5
atlantis ancol,mantabanak senang puas maen aer,5
atlantis ancol,wahana liburan keluarga,5
atlantis ancol,apa apa serba mahal bayar loker dipungut biaya ban pun perlu nyewa belum tiket masuk udah gitu gak boleh bawa makan minum dari luar kapitalis tapi metode pembayaran masih kuno gak bisa pembayaran digital untuk sewa ban dan loker untuk manajemen kalo udah meres biaya banyak dari pelanggan tolong ditingkatin juga pelayanan dan fasilitasnya berkembang dengan zaman dong,1
atlantis ancol,first waterpark that have memorable moments every visit,5
atlantis ancol,tempat nya enak buat ngajak jalan anak kolam renang nya luas prosotan nya tinggirecommend saat cuaca cerah,5
atlantis ancol,kami dari medan jalan jalan ke jkt pas kami mau ke sini masuk malah tdk bisa naik perosotan nya karna tdk pakai baju renang tdk di kasi naik syg sekali jauh jauh dari medan,5
atlantis ancol,fasilitas atlantis agak kurang maintenancebesinya keropos lahbaut nya kendorpas naik prosotan agak ngeri airnya kotortoilet pria banyak selokan air nya yg mampet warna cat disetiap wahana permainan sudah pada pudarmungkin bisa di cat kembali agar mempercantik mata kita sebagai pengunjungsajadah di mushola kl bsa dicuci tiap minggu biar ga bau,3
atlantis ancol,bintang dulu karna ga ada pasangn ga tau nanti klw ada jadi bintang,4
atlantis ancol,bagus,5
atlantis ancol,tempat kumuh terlalu banyak peraturan sewa ban gila mahall loker apa lagi bayar ini bayar itu ribet padahal tempat cuma gitu gitu aja cuaks kecewaa,1
