name,author_title,review_text,review_rating,review_datetime_utc,,,,,,,,,,,,,,,,,,,,,,,review_likes,reviews_id,reviews_per_score_1,reviews_per_score_2,reviews_per_score_3,reviews_per_score_4,reviews_per_score_5,review_questions_Visited on,review_questions_Wait time,review_questions_Reservation recommended,review_questions
Ocean Dream Samudra - Ancol,Eko Santoso,Banyak show dan wahana yang worth it buat Masyarakat,5,06/15/2025 14:09:43,,,,,,,,,,,,,,,,,,,,,,,,-7606344019970755738,195,132,580,2048,7110,Weekday,No wait,No,
Ocean Dream Samudra - Ancol,Putri Widi,"Gak nyesel banget main kesini, anak happy orangtua apalagi 🤣 dateng weekend jadi ga terlalu crowded, areanya nyaman semua banyak pohon jadi sejuk dan adem, ada area playground juga, jangan lupa pakai promo beli tiketnya biar lebih murah, dan make sure udah tau jadwal jadwal tiap shownya biar ga ada yang ketinggal biar ga rugi, jangan lupa juga ambil foto bareng satwanya buat kenangan hehe",5,06/14/2025 18:49:56,,,,,,,,,,,,,,,,,,,,,,,,-7606344019970755738,195,132,580,2048,7110,Weekday,10–30 min,Yes,
Ocean Dream Samudra - Ancol,clateno ronaldodo,"Niatnya masuk pas weekday biar ga ramai, ternyata lumayan rame jg. Mantabs ada perkembangan setelah beberapa tahun ga kesini",5,06/14/2025 12:00:35,,,,,,,,,,,,,,,,,,,,,,,,-7606344019970755738,195,132,580,2048,7110,Weekday,No wait,Yes,
Ocean Dream Samudra - Ancol,ADDIE PRATAMA,"Worth it banget si main ke gelanggan samudra..per orang saat ini sekitar 130ribu..bisa menikmati singa laut, lumba2, cinema 5D, pinguin & mermaid, bird atraksi..birdland terpisah tiket nya..abis itu ada 3 wahana kaya di dufan..ada playground..wah pokok nya sampe cape..makan planet bakso enak banget..reccomended bakso nya..abis itu baru deh naek gondola sambil melepas lelah menikmati pemandangan pantai ancol..kalo mau kesini datengnya pagi dari buka, bakal puas..",5,06/14/2025 09:35:11,,,,,,,,,,,,,,,,,,,,,,,,-7606344019970755738,195,132,580,2048,7110,,,,
Ocean Dream Samudra - Ancol,Tihar MD,,4,06/13/2025 10:00:25,,,,,,,,,,,,,,,,,,,,,,,,-7606344019970755738,195,132,580,2048,7110,Weekend,30–60 min,Yes,
Ocean Dream Samudra - Ancol,Wendy Oei (黃壽安),"Sebagai sebuah tenang wisata liburan mungkin masih perlu banyak berbenah, terutama dalam hal jadwal show serta pengaturan saat persiapan show, karena terasa kurang persiapan yang buat pengunjung tidak nyaman.",3,06/12/2025 19:11:35,,,,,,,,,,,,,,,,,,,,,,,,-7606344019970755738,195,132,580,2048,7110,Weekday,10–30 min,No,
Ocean Dream Samudra - Ancol,Muhammad Zulfan,Seharian full disini untuk melihat banyak show pertunjukan hewan laut & putri duyung,5,06/12/2025 16:51:51,,,,,,,,,,,,,,,,,,,,,,,,-7606344019970755738,195,132,580,2048,7110,Weekday,No wait,Yes,
Ocean Dream Samudra - Ancol,Khalid Walid,,5,06/12/2025 13:41:54,,,,,,,,,,,,,,,,,,,,,,,,-7606344019970755738,195,132,580,2048,7110,,,,
Ocean Dream Samudra - Ancol,Lego Sitinjak,Bawa anak,4,06/12/2025 11:44:54,,,,,,,,,,,,,,,,,,,,,,,,-7606344019970755738,195,132,580,2048,7110,Public holiday,No wait,No,
Ocean Dream Samudra - Ancol,Roy Herman,"Seumur2 baru kali ini ke Samudra Ancol, padahal deket. Ternyata tempatnya seru, apalagi bawa anak2, dijamin hepi. Wahana terbaik di Cinema 5D",5,06/12/2025 09:11:58,,,,,,,,,,,,,,,,,,,,,,,,-7606344019970755738,195,132,580,2048,7110,,,,
Ocean Dream Samudra - Ancol,Andri Sampurna,,5,06/12/2025 08:44:46,,,,,,,,,,,,,,,,,,,,,,,,-7606344019970755738,195,132,580,2048,7110,,,,
Ocean Dream Samudra - Ancol,Ade Prahastuti,,5,06/12/2025 08:32:54,,,,,,,,,,,,,,,,,,,,,,,,-7606344019970755738,195,132,580,2048,7110,,,,
Ocean Dream Samudra - Ancol,Nadia Putri,,5,06/11/2025 08:57:08,,,,,,,,,,,,,,,,,,,,,,,,-7606344019970755738,195,132,580,2048,7110,Weekday,No wait,Not sure,
Ocean Dream Samudra - Ancol,Yudha Permana,,5,06/11/2025 06:39:25,,,,,,,,,,,,,,,,,,,,,,,,-7606344019970755738,195,132,580,2048,7110,Weekend,No wait,Yes,
Ocean Dream Samudra - Ancol,KripikLeo,,4,06/11/2025 03:47:10,,,,,,,,,,,,,,,,,,,,,,,,-7606344019970755738,195,132,580,2048,7110,Weekday,Up to 10 min,Yes,
Ocean Dream Samudra - Ancol,Alya Dwi Wulandari,,5,06/11/2025 02:55:36,,,,,,,,,,,,,,,,,,,,,,,,-7606344019970755738,195,132,580,2048,7110,Weekend,Up to 10 min,No,
Ocean Dream Samudra - Ancol,Arie Noviyanto,"Masih menarik untuk anak2, terutama acara singa laut, mermaid, lumba2, dan atraksi burung. Yang kurang berkesan acara memberi makan pinguin. Overall anak2 seneng berkunjung kesini.
Beli tiketnya online Di web resmi ancol, banyak promonya.",5,06/11/2025 00:39:45,,,,,,,,,,,,,,,,,,,,,,,,-7606344019970755738,195,132,580,2048,7110,Weekend,No wait,Yes,
Ocean Dream Samudra - Ancol,nayra Camilla,"Keren tapi maaf menurutku talent mermaid nya kurang,banyak ambil nafas ke atas jadi kurang memuaskan pertunjukan nya.kostumnya juga,kupikir ekornya bakal yg shining shimering gitu bahannya tapi trnyata tapi trnyata bahan biasa kyk kostum anak2, Pertunjukan dolphin nya ruame pol tapi tetep yg paling seru😁",5,06/10/2025 09:23:42,,,,,,,,,,,,,,,,,,,,,,,,-7606344019970755738,195,132,580,2048,7110,,,,
Ocean Dream Samudra - Ancol,Rommy A. Nugroho,,4,06/10/2025 09:19:57,,,,,,,,,,,,,,,,,,,,,,,,-7606344019970755738,195,132,580,2048,7110,,,,
Ocean Dream Samudra - Ancol,Marulloh,,5,06/09/2025 03:21:49,,,,,,,,,,,,,,,,,,,,,,,,-7606344019970755738,195,132,580,2048,7110,Weekend,Up to 10 min,No,
Ocean Dream Samudra - Ancol,Vony Fabrianti,Destinasi wisata anak yg keren. Pertunjukan hewan2 jg bagus dn menyenangkan. Fasilitas lengkap. Permainan anak jg banyak.,5,06/08/2025 15:41:55,,,,,,,,,,,,,,,,,,,,,,,,-7606344019970755738,195,132,580,2048,7110,Weekday,No wait,No,
Ocean Dream Samudra - Ancol,Nunu Septianingrum,"Ada berbagai macam hiburan dan pertunjukan di Samudra Ancol, cocok untuk menghabiskan waktu bersama keluarga terutama yang mempunyai anak kecil karena banyak aktivitas yang sesuai.

Pertunjukan sealion atau singa laut dan hewan lainnya, penguin, lumba-lumba, mermaids show, sinema 5d dan berbagai wahana yang dapat dicoba.

Antrian di weekend cukup ramai namun tidak sepadat dufan, masih bisa menemukan banyak tempat untuk istirahat dan sekedar duduk duduk.

Musholla dan toilet cukup nyaman, suasana juga cukup rindang dan banyak yang berpiknik untuk menikmati makanan bersama di area lapangan rumput.",5,06/08/2025 15:41:08,,,,,,,,,,,,,,,,,,,,,,,,-7606344019970755738,195,132,580,2048,7110,Weekend,No wait,,
Ocean Dream Samudra - Ancol,fajar achmad gustala,Cocok buat anak2,5,06/07/2025 11:45:14,,,,,,,,,,,,,,,,,,,,,,,,-7606344019970755738,195,132,580,2048,7110,Public holiday,No wait,Yes,
Ocean Dream Samudra - Ancol,Faradisa Ummahati,"Tiket diskon 75rb/orang untuk pembelian 3 orang dihari weekend... Tempatnya seru, bersih, sejuk, cocok buat healing akhir pekan bersama keluarga❤️❤️😊😊😎😎",5,06/07/2025 11:26:39,,,,,,,,,,,,,,,,,,,,,,,,-7606344019970755738,195,132,580,2048,7110,Weekend,No wait,Yes,
Ocean Dream Samudra - Ancol,Rima Setiyani,,5,06/07/2025 07:15:00,,,,,,,,,,,,,,,,,,,,,,,,-7606344019970755738,195,132,580,2048,7110,Weekday,No wait,Yes,
Ocean Dream Samudra - Ancol,aGung aRibawa,,5,06/07/2025 06:03:18,,,,,,,,,,,,,,,,,,,,,,,,-7606344019970755738,195,132,580,2048,7110,Weekday,No wait,Yes,
Ocean Dream Samudra - Ancol,Govinda Sragen,"Sangat sangat buruk😡 penjualan tiket online nya
Saya bayar 6 orang dan barcode tidak muncul alhasil saya dan anak"" gk bisa masuk padahal bukti transferan sudah di kasih lihat sangat mengecewakan ini untuk pertama dan terakhir saya kesini",1,06/07/2025 03:06:10,,,,,,,,,,,,,,,,,,,,,,,,-7606344019970755738,195,132,580,2048,7110,,,,
Ocean Dream Samudra - Ancol,Deasy Mutiatara,Seruuuu,5,06/05/2025 15:36:00,,,,,,,,,,,,,,,,,,,,,,,,-7606344019970755738,195,132,580,2048,7110,Public holiday,Up to 10 min,Yes,
Ocean Dream Samudra - Ancol,Eckop Ekco,,5,06/05/2025 03:44:59,,,,,,,,,,,,,,,,,,,,,,,,-7606344019970755738,195,132,580,2048,7110,Public holiday,Up to 10 min,Yes,
Ocean Dream Samudra - Ancol,YAMI Sendibear,,5,06/04/2025 13:50:36,,,,,,,,,,,,,,,,,,,,,,,,-7606344019970755738,195,132,580,2048,7110,,,,
Ocean Dream Samudra - Ancol,Julianto,keren,5,06/04/2025 13:34:42,,,,,,,,,,,,,,,,,,,,,,,,-7606344019970755738,195,132,580,2048,7110,Weekend,Up to 10 min,,
Ocean Dream Samudra - Ancol,Yani Nur,,5,06/04/2025 13:29:10,,,,,,,,,,,,,,,,,,,,,,,,-7606344019970755738,195,132,580,2048,7110,Public holiday,No wait,Yes,
Ocean Dream Samudra - Ancol,Rahayu Ramadhani,"Pertama kali ke Samudera karena anak ingin melihat dolphin. Saya mendapatkan kesempatan untuk memberikan makan penguin dan dolphin secara langsung sangat menyenangkan. Di sisi lain, ada kecemasan tersendiri terhadap satwa yang dijadikan objek atraksi. Saya berharap rekan-rekan yang bekerja disini selalu menerapkan “kaidah animal welfare” agar tidak menyakiti hewan tersebut.",4,06/04/2025 06:58:32,,,,,,,,,,,,,,,,,,,,,,,,-7606344019970755738,195,132,580,2048,7110,Weekend,No wait,Yes,
Ocean Dream Samudra - Ancol,kosterbaik,"Berkunjung membawa 9 orang tim rombongan dengan tiket masuk Ocean Dream dan SeaWorld. Walau weekend, kondisi pengunjung sepi. Secara umum jadi bisa santai jalan-jalannya.

Hanya beberapa wahana tidak berfungsi dan papan informasi  jadwal pertunjukkan banyak yang tidak update.",4,06/03/2025 23:45:32,,,,,,,,,,,,,,,,,,,,,,,,-7606344019970755738,195,132,580,2048,7110,,,,
Ocean Dream Samudra - Ancol,Setelah SAR,,1,06/03/2025 13:39:51,,,,,,,,,,,,,,,,,,,,,,,,-7606344019970755738,195,132,580,2048,7110,,10–30 min,,
Ocean Dream Samudra - Ancol,Rist Boy,,5,06/03/2025 11:06:27,,,,,,,,,,,,,,,,,,,,,,,,-7606344019970755738,195,132,580,2048,7110,,,,
Ocean Dream Samudra - Ancol,Badri Narayanan,Best Recreation for children,5,06/03/2025 07:15:54,,,,,,,,,,,,,,,,,,,,,,,,-7606344019970755738,195,132,580,2048,7110,Weekday,No wait,Yes,
Ocean Dream Samudra - Ancol,Dapur si Embul,"Seru, tidak membosankan, rapih, apik.",5,06/01/2025 13:17:52,,,,,,,,,,,,,,,,,,,,,,,,-7606344019970755738,195,132,580,2048,7110,Weekday,No wait,Yes,
Ocean Dream Samudra - Ancol,Nurul Latifah,,5,06/01/2025 12:26:51,,,,,,,,,,,,,,,,,,,,,,,,-7606344019970755738,195,132,580,2048,7110,,,,
Ocean Dream Samudra - Ancol,Kabul Ashari,,4,06/01/2025 09:00:11,,,,,,,,,,,,,,,,,,,,,,,,-7606344019970755738,195,132,580,2048,7110,Weekend,,,
Ocean Dream Samudra - Ancol,Johan Teruna,Tempat rekreasi sekaligus utk edukasi keluarga,4,06/01/2025 05:59:53,,,,,,,,,,,,,,,,,,,,,,,,-7606344019970755738,195,132,580,2048,7110,Weekend,No wait,Yes,
Ocean Dream Samudra - Ancol,Lenna Vera,Seneng bs ajak anak2 kesini tp sayang saat nonton pertunjukan panas jd anak2 nangis tp untuk permainan lumayan ga usah bayar lg jd anak2 happy lg 😁,5,05/31/2025 02:04:17,,,,,,,,,,,,,,,,,,,,,,,,-7606344019970755738,195,132,580,2048,7110,Weekend,No wait,Yes,
Ocean Dream Samudra - Ancol,Aldani Putri,"Jika hendak ke sini sebaiknya pakai Grab/Bluebird supaya gratis car entrance. Lebih murah beli tiket di Travel0ka drpd webnya Anc0l atau beli langsung.

Saat ini 5D cinematic experience sedang diperbaiki hingga Agustus karena atapnya ambrol. Not bad, karena Anda masih bisa menikmati dolphin show, mermaid show, penguin show dan otter feeding. Wahana bermain anaknya ada playground kecil dan ada komidi putar.",4,05/30/2025 22:54:18,,,,,,,,,,,,,,,,,,,,,,,,-7606344019970755738,195,132,580,2048,7110,Public holiday,No wait,Yes,
Ocean Dream Samudra - Ancol,Atika Lia Kurniawati,,4,05/30/2025 20:49:51,,,,,,,,,,,,,,,,,,,,,,,,-7606344019970755738,195,132,580,2048,7110,,,,
Ocean Dream Samudra - Ancol,Jimjim,,5,05/30/2025 08:50:32,,,,,,,,,,,,,,,,,,,,,,,,-7606344019970755738,195,132,580,2048,7110,Weekday,No wait,Yes,
Ocean Dream Samudra - Ancol,enylita tobing,,5,05/30/2025 08:06:33,,,,,,,,,,,,,,,,,,,,,,,,-7606344019970755738,195,132,580,2048,7110,Weekend,No wait,Yes,
Ocean Dream Samudra - Ancol,Ade Irawan,,5,05/30/2025 06:29:52,,,,,,,,,,,,,,,,,,,,,,,,-7606344019970755738,195,132,580,2048,7110,,,,
Ocean Dream Samudra - Ancol,Eka Putri Oktapiani,"Saya kesini hari biasa karna berharap pengunjung gak terlalu ramai.
Tapi ternyata salah, ada lebih dari 10 rombongan sekolah yang datang di luar yang pribadi seperti saya.
Saya tidak bisa menikmati pertunjukan hewan karna antrian yang sangat panjang di setiap pintu pertunjukan.
Saya datang jam 10.15, antri pertunjukan dolphin, lalu liat pertunjukan jam 11 siang, dan jam 12 saya keluar dari samudra ancol karna semakin siang, semakin banyak orang yang masuk.
Pertunjukan 5D juga tidak bisa di gunakan.
Lain kali, tolong di perhatikan kenyamanan yang pribadi juga karna kami membayar bukan dengan harga yang murah.",1,05/29/2025 18:37:53,,,,,,,,,,,,,,,,,,,,,,,,-7606344019970755738,195,132,580,2048,7110,Weekday,30–60 min,Yes,
Ocean Dream Samudra - Ancol,Ali Rachman,"Tempat yang asik buat bareng keluarga, tidak perlu ke luar kota",5,05/29/2025 04:24:40,,,,,,,,,,,,,,,,,,,,,,,,-7606344019970755738,195,132,580,2048,7110,,,,
Ocean Dream Samudra - Ancol,Ivon Sandya,"Fleksibilitas pihak Samudra oke banget bisa nambah jam tayang atraksi krn melihat kepadatan pengunjung (diluar jadwal weekday di public information). Dateng bertiga pas Weekday tapi berasa lg public holiday karena banyak banget rombongan anak sekolah Paud-TK.

Next time kalau mau weekday kesini dengan ekspektasi agak sepi, jgn pilih pas akhir2 semester sekolah gini.",4,05/28/2025 22:39:00,,,,,,,,,,,,,,,,,,,,,,,,-7606344019970755738,195,132,580,2048,7110,Weekday,10–30 min,Yes,
Ocean Dream Samudra - Ancol,Dhika Arya Dutha,,5,05/27/2025 15:33:57,,,,,,,,,,,,,,,,,,,,,,,,-7606344019970755738,195,132,580,2048,7110,,,,
Ocean Dream Samudra - Ancol,Qaisar Mubarak,Keren,5,05/27/2025 07:06:15,,,,,,,,,,,,,,,,,,,,,,,,-7606344019970755738,195,132,580,2048,7110,,,,
Ocean Dream Samudra - Ancol,Agus Riyanto,Cocok untuk edukasi anak,5,05/27/2025 01:16:03,,,,,,,,,,,,,,,,,,,,,,,,-7606344019970755738,195,132,580,2048,7110,Weekend,No wait,Yes,
Ocean Dream Samudra - Ancol,wahyu kris,,5,05/26/2025 09:21:10,,,,,,,,,,,,,,,,,,,,,,,,-7606344019970755738,195,132,580,2048,7110,,,,
Ocean Dream Samudra - Ancol,aprilliyani tri hafifah,,5,05/26/2025 08:54:08,,,,,,,,,,,,,,,,,,,,,,,,-7606344019970755738,195,132,580,2048,7110,Weekday,No wait,No,
Ocean Dream Samudra - Ancol,fauzan azmi,Good Place.,5,05/26/2025 00:41:02,,,,,,,,,,,,,,,,,,,,,,,,-7606344019970755738,195,132,580,2048,7110,,,,
Ocean Dream Samudra - Ancol,Mutia,"Selalu bagus menghibur dan hebat2 baik binatang dan yg ngajar nya

Semakin seru dr jaman tahun2 sebelumnya.
Dan lebih rapih pengaturannya

Btw kenapa pelatihnya ga dipakein handsfree ya biar suaranya jelas. Ga teriak2",5,05/25/2025 23:07:14,,,,,,,,,,,,,,,,,,,,,,,,-7606344019970755738,195,132,580,2048,7110,Weekday,No wait,Yes,
Ocean Dream Samudra - Ancol,Winda Fajar,KeOcean dream samudra pas acara Porseni Tk langsung kita ngatri dipertujukan lumba² itu yg diutamakan ternyata parah sekali antriannya samapi berdesak desak dan tidak ada pembatasan antrian sampai anakku jadi trauma harusnya sekelas Ancol antisipasi  dengan antrian yang berdesak desakkan dewasa dengan anak² bercampur kasih anak² yang mau nonton lumba untungnya terhibur sama lumbanya tapi anakku mau main yang lain udah gak mau karena trauma antriannya sayangkan udh bayar mahal tapi gak bisa masuk kepetunjukan semuanya,3,05/25/2025 16:34:19,,,,,,,,,,,,,,,,,,,,,,,,-7606344019970755738,195,132,580,2048,7110,,1 hr+,Yes,
Ocean Dream Samudra - Ancol,sayyida quthbiya,Buat anak2 oke bgt sih banyak mainan banyak atraksi binatang... kudu seharian sih kalo kesini.,4,05/24/2025 15:45:00,,,,,,,,,,,,,,,,,,,,,,,,-7606344019970755738,195,132,580,2048,7110,,,,
Ocean Dream Samudra - Ancol,Endank Jaya,"Udah sering ke Ancol tapi baru pertama kalinya ke Samudra Ancol. Bagusss dan Tempatnya bersih. Seharian bisa nonton semua pertunjukan ada mermaid show, Dolpin show, pinguin show, bird show dan yang paling seru Cinema 5D. Boleh bawa makanan dari luar tapi harus tetap jaga kebersihan yah. Didalam juga banyak yang jual makanan dan minuman loh jadi gak perlu khawatir kalau lapar dan haus yah. Di sini juga ada beberapa wahana permainan anak2 yang gratisss+Playground. Toiletnya bersih dan ada AC  jadi gak kegerahan. Seru buat ajak anak2👍",5,05/24/2025 13:26:08,,,,,,,,,,,,,,,,,,,,,,,,-7606344019970755738,195,132,580,2048,7110,Weekday,No wait,Not sure,
Ocean Dream Samudra - Ancol,hasbi abdillah,,5,05/22/2025 08:15:53,,,,,,,,,,,,,,,,,,,,,,,,-7606344019970755738,195,132,580,2048,7110,,,,
Ocean Dream Samudra - Ancol,Dinda Ayu Puspita,,5,05/21/2025 15:30:57,,,,,,,,,,,,,,,,,,,,,,,,-7606344019970755738,195,132,580,2048,7110,,,,
Ocean Dream Samudra - Ancol,Aji Suhardi,Mantap,5,05/21/2025 13:00:40,,,,,,,,,,,,,,,,,,,,,,,,-7606344019970755738,195,132,580,2048,7110,Weekday,,,
Ocean Dream Samudra - Ancol,Muhammad Mukhlisin,,5,05/21/2025 12:42:55,,,,,,,,,,,,,,,,,,,,,,,,-7606344019970755738,195,132,580,2048,7110,,,,
Ocean Dream Samudra - Ancol,Rey Karya,,5,05/21/2025 11:26:50,,,,,,,,,,,,,,,,,,,,,,,,-7606344019970755738,195,132,580,2048,7110,,,,
Ocean Dream Samudra - Ancol,Liu Pokhiong,,5,05/21/2025 11:00:53,,,,,,,,,,,,,,,,,,,,,,,,-7606344019970755738,195,132,580,2048,7110,,,,
Ocean Dream Samudra - Ancol,Depi Yogaswara,Bersih dan pas untuk ajak liburan anak-anak,5,05/21/2025 00:48:47,,,,,,,,,,,,,,,,,,,,,,,,-7606344019970755738,195,132,580,2048,7110,,,,
Ocean Dream Samudra - Ancol,Ivan N. Hakim,Wahana edutainment theme park yang berada di dalam kawasan Ancol. Tempatnya nyaman untuk liburan bareng keluarga.,5,05/20/2025 13:14:05,,,,,,,,,,,,,,,,,,,,,,,,-7606344019970755738,195,132,580,2048,7110,Weekday,No wait,No,
Ocean Dream Samudra - Ancol,The Yohans,"Buat kalian yang lagi di Jakarta dan cari tempat wisata keluarga yang seru dan penuh petualangan, Ocean Dream Samudra di Ancol ini tempat yang wajib kalian kunjungi! Saya beberapa kali ke sini, dan selalu terkesan dengan atraksi serta pengalaman yang ditawarkan.

Begitu masuk, kalian bakal langsung disambut sama suasana yang ramai dan penuh energi. Ada banyak atraksi menarik yang bisa kalian nikmati, mulai dari pertunjukan lumba-lumba yang keren banget, sampe pertunjukan singa laut yang lucu dan menghibur. Anak-anak pasti bakal suka banget nonton pertunjukan ini, dan mereka juga bisa belajar banyak tentang kehidupan hewan laut.

Salah satu atraksi yang paling saya suka adalah pertunjukan paus putih. Melihat paus putih beraksi di atas air itu benar-benar menakjubkan! Selain itu, ada juga area akuarium yang bisa kalian eksplor, di mana kalian bisa melihat berbagai jenis ikan dan biota laut lainnya dari dekat.

Untuk yang suka tantangan, ada juga beberapa wahana permainan yang bisa dicoba, kayak perahu ayun dan kora-kora. Semua wahana ini aman dan dijaga dengan baik, jadi kalian bisa menikmati permainan dengan tenang.

Fasilitas umum di sini juga lengkap. Ada banyak area makan yang menyajikan berbagai pilihan makanan dan minuman, jadi kalian bisa istirahat dan ngisi tenaga sebelum lanjut menikmati atraksi lainnya. Toilet dan fasilitas lainnya juga bersih dan terawat.

Lokasinya strategis dan mudah diakses dari berbagai tempat di Jakarta. Ditambah lagi dengan area parkir yang luas, jadi kalian gak perlu khawatir soal parkir kendaraan.

Secara keseluruhan, Ocean Dream Samudra - Ancol ini tempat yang recommended buat kalian yang mau wisata keluarga yang seru dan penuh petualangan di Jakarta. Kalo kalian lagi cari aktivitas yang menyenangkan dan mendidik buat anak-anak, gak perlu ragu buat mampir ke sini ya! 😊",5,05/19/2025 10:31:50,,,,,,,,,,,,,,,,,,,,,,,,-7606344019970755738,195,132,580,2048,7110,Weekday,No wait,Yes,
Ocean Dream Samudra - Ancol,Tri Dayanti,,5,05/19/2025 08:14:32,,,,,,,,,,,,,,,,,,,,,,,,-7606344019970755738,195,132,580,2048,7110,Weekend,No wait,Yes,
Ocean Dream Samudra - Ancol,shena marchelina,,5,05/19/2025 07:09:41,,,,,,,,,,,,,,,,,,,,,,,,-7606344019970755738,195,132,580,2048,7110,Weekday,Up to 10 min,No,
Ocean Dream Samudra - Ancol,Wulandari Endah,"Liburan akhir pekan ke samudra ancol, liburan sekalian edukasi untuk anak-anak. Banyak permainan untuk anak-anak dan juga dewasa.
Lebih baik beli tiketnya online jadi lebih mudah karna hanya sistem barcode sudah bisa langsung masuk.
Banyak talent jualan jugaaa jd tidak perlu bawa makanan dr rumah.",5,05/18/2025 05:17:11,,,,,,,,,,,,,,,,,,,,,,,,-7606344019970755738,195,132,580,2048,7110,Weekend,No wait,No,
Ocean Dream Samudra - Ancol,Tatang Sutisna,Pertama kali mengunjunginya pada hari minggu datang pagi nungguin buka jam 9 masuknya antri banyak wahana cocok untuk semua keluarga cuman waktu sore hujan kurang tempat berteduh keluarga semua senang kapan kapan berkunjung lagi,5,05/18/2025 03:54:15,,,,,,,,,,,,,,,,,,,,,,,,-7606344019970755738,195,132,580,2048,7110,Weekend,10–30 min,Not sure,
Ocean Dream Samudra - Ancol,Nova Sari,Seru untuk bawa anak-anak kesini. Karena Outdoor saran saya bawa payung/topi untuk anak2.,5,05/16/2025 04:29:45,,,,,,,,,,,,,,,,,,,,,,,,-7606344019970755738,195,132,580,2048,7110,Public holiday,No wait,Yes,
Ocean Dream Samudra - Ancol,Ali Husni,Mantap,5,05/15/2025 08:51:12,,,,,,,,,,,,,,,,,,,,,,,,-7606344019970755738,195,132,580,2048,7110,,,,
Ocean Dream Samudra - Ancol,Apridayani Ida,Membuka kembali memori waktu masih anak2 diajak kesni ...sekarang saya yg ajak anak2 kesni...semoga bisa menjadikan pengalaman yg berkesan untuk anak2...terima kasih telah memberikan kebahagian diwaktu anak-anak...♥️,5,05/15/2025 06:44:58,,,,,,,,,,,,,,,,,,,,,,,,-7606344019970755738,195,132,580,2048,7110,Public holiday,No wait,Yes,
Ocean Dream Samudra - Ancol,Raihan Fadhilah Santoso,,5,05/14/2025 12:45:36,,,,,,,,,,,,,,,,,,,,,,,,-7606344019970755738,195,132,580,2048,7110,,,,
Ocean Dream Samudra - Ancol,Agus Miftah,"Tempat yg tepat untuk menghabiskan waktu bareng anak-anak, menambah pengetahuan dan pengalaman secara langsung",5,05/14/2025 07:22:15,,,,,,,,,,,,,,,,,,,,,,,,-7606344019970755738,195,132,580,2048,7110,Weekday,No wait,Yes,
Ocean Dream Samudra - Ancol,Hilda Alvionita,,5,05/14/2025 02:34:17,,,,,,,,,,,,,,,,,,,,,,,,-7606344019970755738,195,132,580,2048,7110,,,,
Ocean Dream Samudra - Ancol,Abrar Ja,,5,05/13/2025 19:12:23,,,,,,,,,,,,,,,,,,,,,,,,-7606344019970755738,195,132,580,2048,7110,,Up to 10 min,,
Ocean Dream Samudra - Ancol,imam aga,Harga murah meriah cocok untuk keluarga,5,05/13/2025 14:18:46,,,,,,,,,,,,,,,,,,,,,,,,-7606344019970755738,195,132,580,2048,7110,,,,
Ocean Dream Samudra - Ancol,REZA ADE PUTRA,,5,05/13/2025 01:31:56,,,,,,,,,,,,,,,,,,,,,,,,-7606344019970755738,195,132,580,2048,7110,Weekday,No wait,No,
Ocean Dream Samudra - Ancol,Wiwin Fitrianti,,5,05/11/2025 17:27:05,,,,,,,,,,,,,,,,,,,,,,,,-7606344019970755738,195,132,580,2048,7110,Weekend,No wait,No,
Ocean Dream Samudra - Ancol,Deval Valerian,,5,05/11/2025 01:47:42,,,,,,,,,,,,,,,,,,,,,,,,-7606344019970755738,195,132,580,2048,7110,Weekday,10–30 min,,
Ocean Dream Samudra - Ancol,irawan saputra,Kerennn,5,05/10/2025 22:51:14,,,,,,,,,,,,,,,,,,,,,,,,-7606344019970755738,195,132,580,2048,7110,,,,
Ocean Dream Samudra - Ancol,Sandy Ramdhan,,5,05/10/2025 19:58:05,,,,,,,,,,,,,,,,,,,,,,,,-7606344019970755738,195,132,580,2048,7110,Weekday,No wait,No,
Ocean Dream Samudra - Ancol,Sesar Firmansyah,,5,05/10/2025 09:59:37,,,,,,,,,,,,,,,,,,,,,,,,-7606344019970755738,195,132,580,2048,7110,Weekend,No wait,Yes,
Ocean Dream Samudra - Ancol,Sam Udi,,5,05/09/2025 15:20:43,,,,,,,,,,,,,,,,,,,,,,,,-7606344019970755738,195,132,580,2048,7110,Weekend,,,
Ocean Dream Samudra - Ancol,Moete Savety,,5,05/09/2025 14:44:59,,,,,,,,,,,,,,,,,,,,,,,,-7606344019970755738,195,132,580,2048,7110,Weekend,,,
Ocean Dream Samudra - Ancol,Gobi Craft,,5,05/09/2025 12:45:04,,,,,,,,,,,,,,,,,,,,,,,,-7606344019970755738,195,132,580,2048,7110,,,,
Ocean Dream Samudra - Ancol,Anita Rojak,,5,05/09/2025 08:31:59,,,,,,,,,,,,,,,,,,,,,,,,-7606344019970755738,195,132,580,2048,7110,Public holiday,No wait,No,
Ocean Dream Samudra - Ancol,Ishlah Kaffah,"banyak wahana seru, binatang nya juga banyak",5,05/09/2025 07:42:45,,,,,,,,,,,,,,,,,,,,,,,,-7606344019970755738,195,132,580,2048,7110,Weekday,No wait,Yes,
Ocean Dream Samudra - Ancol,Dara Puri Argestiayasa,,5,05/09/2025 03:02:07,,,,,,,,,,,,,,,,,,,,,,,,-7606344019970755738,195,132,580,2048,7110,Weekday,1 hr+,Yes,
Ocean Dream Samudra - Ancol,Yulinda,Seruuu bnaget liburan kesini ajak keluarga...,5,05/09/2025 00:32:09,,,,,,,,,,,,,,,,,,,,,,,,-7606344019970755738,195,132,580,2048,7110,Weekday,10–30 min,No,
Ocean Dream Samudra - Ancol,Jan,,5,05/07/2025 09:35:33,,,,,,,,,,,,,,,,,,,,,,,,-7606344019970755738,195,132,580,2048,7110,Weekday,No wait,,
Ocean Dream Samudra - Ancol,Agus Tamo,,5,05/07/2025 09:17:31,,,,,,,,,,,,,,,,,,,,,,,,-7606344019970755738,195,132,580,2048,7110,,,,
Ocean Dream Samudra - Ancol,Aif Sayfuddin,,5,05/06/2025 11:50:57,,,,,,,,,,,,,,,,,,,,,,,,-7606344019970755738,195,132,580,2048,7110,Weekend,No wait,Yes,
Ocean Dream Samudra - Ancol,Andri hendriyana,"Tempat yang asik untuk bawa keluarga karena di dalam nya banyak sekali wahana buat tontonan anak-anak yang sangat menghibur, seperti dholpin, anjing laut, mermaid, island birds, 5D juga banyak stand"" jajanan makanan dan minuman yang harganya masih terjangkau",5,05/06/2025 09:01:32,,,,,,,,,,,,,,,,,,,,,,,,-7606344019970755738,195,132,580,2048,7110,Weekend,No wait,Yes,
Ocean Dream Samudra - Ancol,Santosa Joko,,5,05/06/2025 08:35:50,,,,,,,,,,,,,,,,,,,,,,,,-7606344019970755738,195,132,580,2048,7110,Weekday,No wait,Yes,
Ocean Dream Samudra - Ancol,Harfi Imam Rahadi,,5,05/05/2025 08:39:50,,,,,,,,,,,,,,,,,,,,,,,,-7606344019970755738,195,132,580,2048,7110,Public holiday,No wait,,
Ocean Dream Samudra - Ancol,Andi Irvan,,5,05/04/2025 23:47:26,,,,,,,,,,,,,,,,,,,,,,,,-7606344019970755738,195,132,580,2048,7110,Public holiday,Up to 10 min,Yes,
Ocean Dream Samudra - Ancol,Frank juventus,,5,05/03/2025 14:34:05,,,,,,,,,,,,,,,,,,,,,,,,-7606344019970755738,195,132,580,2048,7110,Weekend,No wait,,
Ocean Dream Samudra - Ancol,Ari Sulistiya Wati,Rekomend sekali,5,05/02/2025 07:48:49,,,,,,,,,,,,,,,,,,,,,,,,-7606344019970755738,195,132,580,2048,7110,Public holiday,Up to 10 min,Yes,
Ocean Dream Samudra - Ancol,kreator dakwah,Luas dan seru,5,05/01/2025 06:52:14,,,,,,,,,,,,,,,,,,,,,,,,-7606344019970755738,195,132,580,2048,7110,Weekend,,No,
Ocean Dream Samudra - Ancol,Bayu Jati Raharja,"Bersih,rapi,pelayanan ramah
Jadwal show sesuai jadwal",5,05/01/2025 04:28:34,,,,,,,,,,,,,,,,,,,,,,,,-7606344019970755738,195,132,580,2048,7110,,,,
Ocean Dream Samudra - Ancol,Eva Hasanah,,5,04/29/2025 12:16:29,,,,,,,,,,,,,,,,,,,,,,,,-7606344019970755738,195,132,580,2048,7110,,,,
Ocean Dream Samudra - Ancol,Rio Wibowo,,5,04/29/2025 01:37:15,,,,,,,,,,,,,,,,,,,,,,,,-7606344019970755738,195,132,580,2048,7110,,,,
Ocean Dream Samudra - Ancol,Balazs Tamas,"Nagyon jó hely gyerekkel és anélkül is. Van itt delfinek show, fóka show, sellő show. Pingvin, alpaka. Sok órát voltunk bent, a programok kb. 30 percesek. A vidra show is nagyon érdekes volt.",4,04/28/2025 01:08:56,,,,,,,,,,,,,,,,,,,,,,,,-7606344019970755738,195,132,580,2048,7110,Weekend,No wait,No,
Ocean Dream Samudra - Ancol,Heni Wahyuni,,5,04/26/2025 17:52:03,,,,,,,,,,,,,,,,,,,,,,,,-7606344019970755738,195,132,580,2048,7110,Weekday,,,
Ocean Dream Samudra - Ancol,Onnie Megawati,,5,04/25/2025 18:49:24,,,,,,,,,,,,,,,,,,,,,,,,-7606344019970755738,195,132,580,2048,7110,Weekend,No wait,Yes,
Ocean Dream Samudra - Ancol,Syifaul Afif,"Bagus buat anak-anak belajar mengenal hewan laut, melihat pinguin langsung dan pertunjukkan lumba-lumba. Di dalamnya juga ada wahana-wahana yang bisa untuk anak-anak hingga dewasa",5,04/25/2025 04:45:54,,,,,,,,,,,,,,,,,,,,,,,,-7606344019970755738,195,132,580,2048,7110,Weekday,,,
Ocean Dream Samudra - Ancol,Sayyid Akhmad Faqih,,5,04/24/2025 11:40:55,,,,,,,,,,,,,,,,,,,,,,,,-7606344019970755738,195,132,580,2048,7110,Weekday,No wait,Yes,
Ocean Dream Samudra - Ancol,adhee roedhy,Tempat melihat binatang laut yg sangant menawan,5,04/24/2025 06:40:54,,,,,,,,,,,,,,,,,,,,,,,,-7606344019970755738,195,132,580,2048,7110,Weekday,No wait,,
Ocean Dream Samudra - Ancol,Danang Nugroho,,5,04/22/2025 16:04:22,,,,,,,,,,,,,,,,,,,,,,,,-7606344019970755738,195,132,580,2048,7110,,,,
Ocean Dream Samudra - Ancol,Tora Tuah,"Datang kesini weekday ketemu rombongan dari sekolah2, nonton wahana 5D, Mermaid, Lionsea, Lumba2 dll banyak wahana permainan jg, Taman rekreasi yg cocok utk keluarga",5,04/22/2025 12:18:19,,,,,,,,,,,,,,,,,,,,,,,,-7606344019970755738,195,132,580,2048,7110,Weekday,No wait,Yes,
Ocean Dream Samudra - Ancol,widya rostin,,5,04/22/2025 07:00:56,,,,,,,,,,,,,,,,,,,,,,,,-7606344019970755738,195,132,580,2048,7110,,,,
Ocean Dream Samudra - Ancol,Aldi Andriana,,5,04/21/2025 14:54:21,,,,,,,,,,,,,,,,,,,,,,,,-7606344019970755738,195,132,580,2048,7110,,,,
Ocean Dream Samudra - Ancol,dwiwahyudi bayon,,5,04/21/2025 09:18:38,,,,,,,,,,,,,,,,,,,,,,,,-7606344019970755738,195,132,580,2048,7110,Weekend,No wait,Yes,
Ocean Dream Samudra - Ancol,Cipluk 1878,,5,04/20/2025 11:05:22,,,,,,,,,,,,,,,,,,,,,,,,-7606344019970755738,195,132,580,2048,7110,,,Not sure,
Ocean Dream Samudra - Ancol,Martia Adhana,"Aquarium nya kurang jernih,sama maaf liat baju mermaid nya udah pada bolong, seharusnya baju nya lebih menarik lagi",4,04/20/2025 03:39:51,,,,,,,,,,,,,,,,,,,,,,,,-7606344019970755738,195,132,580,2048,7110,Public holiday,No wait,No,
Ocean Dream Samudra - Ancol,spot on,"Tempat yg asik untuk mengajak keluarga bertamasya, pertunjukan yg asik, seru, dan lucu. Spot makanan yg gampang di temui, ada juga pertunjukan2 spesial (event tertentu) membuat datang ke tempat ini gak bikin bosen 🤣",5,04/20/2025 02:19:46,,,,,,,,,,,,,,,,,,,,,,,,-7606344019970755738,195,132,580,2048,7110,Public holiday,Up to 10 min,Yes,
Ocean Dream Samudra - Ancol,Irvan Rivany,"Area nya juga tidak Terawat, ada karyawan saat pintu masuk ketus jawab nya ketika saya bertanya. Mending ke Taman Safari lebih seru",3,04/19/2025 12:50:06,,,,,,,,,,,,,,,,,,,,,,,,-7606344019970755738,195,132,580,2048,7110,Weekend,No wait,No,
Ocean Dream Samudra - Ancol,Byan,"seharusnya pihak pengelola lebih ketat terhadap aturan dengan melarang membawa rokok ke dalam area, mengingat banyak anak dan bayi didalam area. walaupun area terbuka tetep aja kalo 1-2 bahkan puluhan yang merokok asepnya bisa dihirup anak anak. apakah layak? SDM SDM yang kaya gini kalo dikasih tau pasti batu/tambeng. jadi tolong diperhatikan lagi aturan yang ketat!",1,04/19/2025 09:34:52,,,,,,,,,,,,,,,,,,,,,,,,-7606344019970755738,195,132,580,2048,7110,Weekend,,,
Ocean Dream Samudra - Ancol,reo kristi,"Pertunjukan lumba2 kurang bagus, lumba2nya tidak nurut banyak yg gagal",1,04/19/2025 07:03:52,,,,,,,,,,,,,,,,,,,,,,,,-7606344019970755738,195,132,580,2048,7110,,,,
Ocean Dream Samudra - Ancol,Adzav,"sangat menarik, kalau bisa diweekday kesininya",5,04/18/2025 10:47:04,,,,,,,,,,,,,,,,,,,,,,,,-7606344019970755738,195,132,580,2048,7110,,,,
Ocean Dream Samudra - Ancol,Andrian Nainggolan,,5,04/18/2025 08:33:53,,,,,,,,,,,,,,,,,,,,,,,,-7606344019970755738,195,132,580,2048,7110,,,,
Ocean Dream Samudra - Ancol,djoko purnomo,,5,04/17/2025 13:38:17,,,,,,,,,,,,,,,,,,,,,,,,-7606344019970755738,195,132,580,2048,7110,,,,
Ocean Dream Samudra - Ancol,Osda Meliza,,5,04/17/2025 01:51:50,,,,,,,,,,,,,,,,,,,,,,,,-7606344019970755738,195,132,580,2048,7110,Weekend,No wait,No,
Ocean Dream Samudra - Ancol,Iwan Suwanda,,1,04/16/2025 07:49:00,,,,,,,,,,,,,,,,,,,,,,,,-7606344019970755738,195,132,580,2048,7110,Weekday,Up to 10 min,Not sure,
Ocean Dream Samudra - Ancol,IMAN TAUFIK,"Seru sekali ,sayang kali pas kesana pas hujan.",4,04/15/2025 06:22:38,,,,,,,,,,,,,,,,,,,,,,,,-7606344019970755738,195,132,580,2048,7110,,,,
Ocean Dream Samudra - Ancol,Gede Anggi Pradana,,5,04/14/2025 05:02:57,,,,,,,,,,,,,,,,,,,,,,,,-7606344019970755738,195,132,580,2048,7110,Public holiday,No wait,Yes,
Ocean Dream Samudra - Ancol,Heru Channel,,2,04/13/2025 23:16:34,,,,,,,,,,,,,,,,,,,,,,,,-7606344019970755738,195,132,580,2048,7110,,,,
Ocean Dream Samudra - Ancol,endy setyawan,,5,04/13/2025 08:10:37,,,,,,,,,,,,,,,,,,,,,,,,-7606344019970755738,195,132,580,2048,7110,Weekday,,No,
Ocean Dream Samudra - Ancol,Bening Kusumawardani,,5,04/13/2025 07:01:53,,,,,,,,,,,,,,,,,,,,,,,,-7606344019970755738,195,132,580,2048,7110,,,,
Ocean Dream Samudra - Ancol,Siti Hodijah,,5,04/12/2025 22:48:20,,,,,,,,,,,,,,,,,,,,,,,,-7606344019970755738,195,132,580,2048,7110,Weekend,No wait,Yes,
Ocean Dream Samudra - Ancol,Harlem Simanjuntak,,4,04/12/2025 13:27:06,,,,,,,,,,,,,,,,,,,,,,,,-7606344019970755738,195,132,580,2048,7110,,,,
Ocean Dream Samudra - Ancol,Deddi Hidayat,Menyenangkan,5,04/12/2025 10:10:54,,,,,,,,,,,,,,,,,,,,,,,,-7606344019970755738,195,132,580,2048,7110,,,,
Ocean Dream Samudra - Ancol,Ashilla Jauzaa,,5,04/12/2025 04:40:47,,,,,,,,,,,,,,,,,,,,,,,,-7606344019970755738,195,132,580,2048,7110,Weekday,No wait,Yes,
Ocean Dream Samudra - Ancol,Andi Purnomo,,5,04/10/2025 16:14:19,,,,,,,,,,,,,,,,,,,,,,,,-7606344019970755738,195,132,580,2048,7110,,,,
Ocean Dream Samudra - Ancol,Ulfa Indrika,"Jadwal suka ber ubah ubah , tidak sesuai dengan IG , untuk antrian yg teratur hanya di 5D karena berurut ,tapi untuk show lainnya parah, berjubel desek desek an ,",5,04/09/2025 09:09:18,,,,,,,,,,,,,,,,,,,,,,,,-7606344019970755738,195,132,580,2048,7110,Weekend,No wait,Yes,
Ocean Dream Samudra - Ancol,Nyoman Asri Indraswari_ Pariwisata,,5,04/08/2025 07:22:29,,,,,,,,,,,,,,,,,,,,,,,,-7606344019970755738,195,132,580,2048,7110,,,,
Ocean Dream Samudra - Ancol,Hari Kurniawan (Hari),"Tolong lebih di tingkatkan lagi pelayanan kepada publik nya ,lebih ramah, melayani pengunjung, petugas nya ditambah untuk mengkoordinasikan pengunjung ,sudah antrian panjang' tiba tiba-tiba didepan di close,kamu datang jauh' jauh ,sudah beli tiket menurut kami lumayan diakumulasi la Dengan rombongan ratusan berapa jumlah nya .

Untuk atraksi cuma sebentar
Durasi y min di tambah lah
Petugas juga g ada di ber-bagai titik bingung jadi nya mau tanya tanya",1,04/07/2025 18:25:19,,,,,,,,,,,,,,,,,,,,,,,,-7606344019970755738,195,132,580,2048,7110,Weekday,30–60 min,Yes,
Ocean Dream Samudra - Ancol,Ary Putra,"Berkunjung di waktu liburan sekolah. Kami datang di sebelum jam bukanya, jadi belum terlalu ramai, hanya saja memang saat baru masuk belum ada show ataupun permainan yang bisa dicoba. Tapi gapapa, malah bisa menyusun jadwal wahana dan show yang ingin dicoba.

Untuk show nya, kalau bisa dilihat semua ya biar tidak rugi hehe.. tapi kalau harus pilih, menurut saya yang wajib dilihat adalah cinema 5D, dolphin, dan sealion & friends. Kalau untuk permainan, yg antriannya paling panjang adalah ubur ubur (balon udara) dan mini roller coaster. Bisa naik berkali kali, yang penting antri lagi.

Lebih hemat kalau beli tiketnya minimal sekaligus 2 wahana ancol ya, jauh lebih hemat. Waktu itu saya beli 2 wahana, plus seaworld. Paginya ke ocean dream, menjelang sore ke seaworld. Kalau combo 3 wahana lebih hemat lagi, tapi waktunya terlalu mepet.",5,04/07/2025 03:07:29,,,,,,,,,,,,,,,,,,,,,,,,-7606344019970755738,195,132,580,2048,7110,Weekend,No wait,Yes,
Ocean Dream Samudra - Ancol,Harlan Pradana,,5,04/07/2025 02:21:31,,,,,,,,,,,,,,,,,,,,,,,,-7606344019970755738,195,132,580,2048,7110,Public holiday,10–30 min,Yes,
Ocean Dream Samudra - Ancol,Sheisegiyantina,"Hari Sabtu kemarin, liburan lebaran, kami sekeluarga berlibur ke Samudra Ancol. Datang ke sini karena ingin melihat atraksi Lumba-lumba bersama anak-anak. Harga tiket kami beli di applikasi biru ya, tiket weekend & bundling dengan SeaWorld seharga Rp. 220.000/orang. Dengan harga segitu dan fasilitas serta atraksi yang banyak, saya fikir sudah worth it ya.

Kami sampai sekitar jam 8, pintu gerbang di buka jam 9 pagi. Saat masuk anak2 excited sekali. Selain ada pertunjukan dari lumba-lumba & friends, banyak wahana yang bisa dinikmati oleh anak2 dan dewasa.

Kami menyaksikan atraksi pinguin & mermaid show. Setelah itu kami menonton atraksi Lumba-lumba. Berikutnya kami menonton atraksi singa laut dan berang2. Atraksi berlangsu sekitar 25-30 menit ya guys. Kami juga befoto bersama lumba-lumba, untuk harganya 150rb/1 foto. Fotonya cukup bagus, lumayan untuk kenangan anak2  nanti.

Banyak vending machine minuman disana, harganya lebih murah dibandingkan beli di food stall. Air mineral seharga 7rb & air kemasan manis seharga 10rb aja. Food stall cemilan dan makanan beratpun ada ya guys, komplit semuanya. Saya beli ayam crispy 4pcs dan nasi 2, seharga 150rb. Harga masih standard, harga tempat wisata yaa...

Toilet banyak dan cukup bersih, yang saya suka walaupun toiletnya duduk tapi ada keran air untuk ceboknya.
Mushola cukup besar juga yaa, bersih tapi terbuka.

Kami tidak sempat naik wahana dan nonton cinema 5D. Karena mau lanjut masuk ke Seaworld, takut kesorean.

So far, kami sekeluarga happy sekali main di Samudra Ancol dari jam 09.00-14.00. Walaupun capek karena jalan terus, tapi puas sekali berlibur di sini.

We'll be back soon yaa!
Sukses Selalu Samudra Ancol 💕",5,04/06/2025 23:10:06,,,,,,,,,,,,,,,,,,,,,,,,-7606344019970755738,195,132,580,2048,7110,Weekend,Up to 10 min,Yes,
Ocean Dream Samudra - Ancol,Dunia Ht,Bnyak tukang poto maksa tolong donk jd bikin risiko bnget....,1,04/06/2025 08:59:52,,,,,,,,,,,,,,,,,,,,,,,,-7606344019970755738,195,132,580,2048,7110,Public holiday,,,
Ocean Dream Samudra - Ancol,memet Alkatiri,,5,04/06/2025 05:03:12,,,,,,,,,,,,,,,,,,,,,,,,-7606344019970755738,195,132,580,2048,7110,,,,
Ocean Dream Samudra - Ancol,Muhammad Kusoy,Sedikit mainannya banyak yg gak bisa dimainkan,2,04/06/2025 00:41:00,,,,,,,,,,,,,,,,,,,,,,,,-7606344019970755738,195,132,580,2048,7110,Weekday,,,
Ocean Dream Samudra - Ancol,Eko Nako,Nyenengin bocah di saat liburan lebaran. 😁😁👍,5,04/05/2025 13:31:32,,,,,,,,,,,,,,,,,,,,,,,,-7606344019970755738,195,132,580,2048,7110,Public holiday,No wait,Yes,
Ocean Dream Samudra - Ancol,Andreas Sutanto,,4,04/05/2025 07:59:55,,,,,,,,,,,,,,,,,,,,,,,,-7606344019970755738,195,132,580,2048,7110,Public holiday,Up to 10 min,,
Ocean Dream Samudra - Ancol,Utami Wijayanti,,4,04/04/2025 02:59:53,,,,,,,,,,,,,,,,,,,,,,,,-7606344019970755738,195,132,580,2048,7110,,,,
Ocean Dream Samudra - Ancol,Albert Nadapdap,"good expirience, clean and friendly staff",4,04/03/2025 11:15:48,,,,,,,,,,,,,,,,,,,,,,,,-7606344019970755738,195,132,580,2048,7110,,,,
Ocean Dream Samudra - Ancol,Rohmah Ekasari,Di area pertunjukan lumba2 tendanya banyak yg bocor jadi kemarin pas hujan banyak spot duduk yg basah...,4,04/03/2025 09:25:33,,,,,,,,,,,,,,,,,,,,,,,,-7606344019970755738,195,132,580,2048,7110,Public holiday,No wait,Not sure,
Ocean Dream Samudra - Ancol,Alfonsus Bima,"Rempat yang menyenangkan, cocok untuk mengajak anak"" datang kesini",5,04/03/2025 06:31:58,,,,,,,,,,,,,,,,,,,,,,,,-7606344019970755738,195,132,580,2048,7110,Public holiday,No wait,Yes,
Ocean Dream Samudra - Ancol,Daniel Esaputra Yoan Marbun,"Great and fun place to visit during holiday, especially for kids. Lots of animal show and educational places.",5,04/03/2025 04:35:14,,,,,,,,,,,,,,,,,,,,,,,,-7606344019970755738,195,132,580,2048,7110,Public holiday,No wait,Yes,
Ocean Dream Samudra - Ancol,Tuti Rina Lestari,Datang saat libur nasional seperti idul Fitri harus siap siap antri panjang. Hampir semua wahana gak bisa di ikuti. Sebaiknya sudah di lokasi dari pagi hari jam 9. Agar semua wahana bisa di kunjungi dan penampilan di setiap wahana bisa dilihat.,5,04/02/2025 22:42:54,,,,,,,,,,,,,,,,,,,,,,,,-7606344019970755738,195,132,580,2048,7110,Public holiday,10–30 min,Yes,
Ocean Dream Samudra - Ancol,Nicholas Fang,,5,04/02/2025 12:24:26,,,,,,,,,,,,,,,,,,,,,,,,-7606344019970755738,195,132,580,2048,7110,,,,
Ocean Dream Samudra - Ancol,Hamka,,5,04/02/2025 11:38:30,,,,,,,,,,,,,,,,,,,,,,,,-7606344019970755738,195,132,580,2048,7110,,,,
Ocean Dream Samudra - Ancol,Muhammad Yusuf,,5,04/01/2025 11:49:55,,,,,,,,,,,,,,,,,,,,,,,,-7606344019970755738,195,132,580,2048,7110,,,,
Ocean Dream Samudra - Ancol,Savira Anjani,"Gak kid friendly. Tangga2 curam, setiap wahana stroller harus dititip di deket pintu masuk jadi repot. Kalo ujan tangga2 licin dan g ada anti slip. Performance nya bntr, ga worth it buat desek2an rame ngantri apalagi kalo ujan, bocor dari tenda2nya",2,04/01/2025 07:14:18,,,,,,,,,,,,,,,,,,,,,,,,-7606344019970755738,195,132,580,2048,7110,Public holiday,30–60 min,,
Ocean Dream Samudra - Ancol,Agung Permadi,"Bersama keluarga, tempatnya nyaman tapi arena pertunjukan lumba-lumbanya bocor ketika hujan mohon diberikan perbaikan ya",1,03/31/2025 07:38:12,,,,,,,,,,,,,,,,,,,,,,,,-7606344019970755738,195,132,580,2048,7110,Weekend,,,
Ocean Dream Samudra - Ancol,Daniel Setiabudi,Tempat yg bagus utk pengenalan laut bagi anak anak,4,03/30/2025 06:56:31,,,,,,,,,,,,,,,,,,,,,,,,-7606344019970755738,195,132,580,2048,7110,Public holiday,No wait,Yes,
Ocean Dream Samudra - Ancol,Michele Sichi,Tanti spettacoli e varie attrazioni. Abbiamo passato un bel pomeriggio.,5,03/29/2025 11:29:17,,,,,,,,,,,,,,,,,,,,,,,,-7606344019970755738,195,132,580,2048,7110,Weekend,No wait,No,
Ocean Dream Samudra - Ancol,Sharda Hottua Mahulae,,5,03/29/2025 11:01:18,,,,,,,,,,,,,,,,,,,,,,,,-7606344019970755738,195,132,580,2048,7110,,,,
Ocean Dream Samudra - Ancol,Renata Donna,,5,03/29/2025 06:50:22,,,,,,,,,,,,,,,,,,,,,,,,-7606344019970755738,195,132,580,2048,7110,Weekend,No wait,Yes,
Ocean Dream Samudra - Ancol,Franni Hizkia Pangemanan,,5,03/29/2025 04:39:17,,,,,,,,,,,,,,,,,,,,,,,,-7606344019970755738,195,132,580,2048,7110,,,,
Ocean Dream Samudra - Ancol,ME,"Good experience. You need to check the schedule of sea animals show to get full experience here. Some play ground and kids arena are not available due to renovation. Here you would got more choices rather than sea world area. Bundling ticket prefered.

Bring your cap or umbrella to protect you under sun or rain.",5,03/28/2025 11:29:38,,,,,,,,,,,,,,,,,,,,,,,,-7606344019970755738,195,132,580,2048,7110,Weekday,No wait,Yes,
Ocean Dream Samudra - Ancol,Andi Syahid Muttaqin,,5,03/28/2025 10:41:09,,,,,,,,,,,,,,,,,,,,,,,,-7606344019970755738,195,132,580,2048,7110,Weekday,No wait,Yes,
Ocean Dream Samudra - Ancol,Sumantri Radiansyah,,5,03/27/2025 10:39:32,,,,,,,,,,,,,,,,,,,,,,,,-7606344019970755738,195,132,580,2048,7110,Weekday,No wait,Yes,
Ocean Dream Samudra - Ancol,Malcolm Wicks,,5,03/26/2025 03:38:34,,,,,,,,,,,,,,,,,,,,,,,,-7606344019970755738,195,132,580,2048,7110,Weekend,No wait,Not sure,
Ocean Dream Samudra - Ancol,Sabrina Sihombing,,4,03/24/2025 10:58:52,,,,,,,,,,,,,,,,,,,,,,,,-7606344019970755738,195,132,580,2048,7110,Weekend,No wait,,
Ocean Dream Samudra - Ancol,Siti Shodikoh,,5,03/17/2025 05:25:20,,,,,,,,,,,,,,,,,,,,,,,,-7606344019970755738,195,132,580,2048,7110,,,,
Ocean Dream Samudra - Ancol,euis rahayu,,5,03/17/2025 03:24:58,,,,,,,,,,,,,,,,,,,,,,,,-7606344019970755738,195,132,580,2048,7110,,,,
Ocean Dream Samudra - Ancol,Faisal Amri,,5,03/14/2025 05:47:36,,,,,,,,,,,,,,,,,,,,,,,,-7606344019970755738,195,132,580,2048,7110,Weekday,No wait,Yes,
Ocean Dream Samudra - Ancol,Ellisa Yan,,4,03/13/2025 08:02:15,,,,,,,,,,,,,,,,,,,,,,,,-7606344019970755738,195,132,580,2048,7110,Weekday,No wait,Yes,
Ocean Dream Samudra - Ancol,Candra,"Seru banyak show, kalau kesini bulan puasa banyak promo",5,03/12/2025 22:05:53,,,,,,,,,,,,,,,,,,,,,,,,-7606344019970755738,195,132,580,2048,7110,Weekday,No wait,Yes,
Ocean Dream Samudra - Ancol,Conan ADEgawa,,5,03/10/2025 16:09:58,,,,,,,,,,,,,,,,,,,,,,,,-7606344019970755738,195,132,580,2048,7110,,,,
Ocean Dream Samudra - Ancol,Me,Lumayan buat anak anak. Ada pertunjukan lumba-lumba dan arena bermain,5,03/10/2025 12:09:47,,,,,,,,,,,,,,,,,,,,,,,,-7606344019970755738,195,132,580,2048,7110,,,,
Ocean Dream Samudra - Ancol,Imam Rachmad,,5,03/10/2025 01:19:09,,,,,,,,,,,,,,,,,,,,,,,,-7606344019970755738,195,132,580,2048,7110,,,,
Ocean Dream Samudra - Ancol,feirawati,"Tempatnya seru, rekomen buat edukasi anak… banyak tempat show yg bisa di kunjungi.. seharian juga betah kita",5,03/06/2025 13:55:05,,,,,,,,,,,,,,,,,,,,,,,,-7606344019970755738,195,132,580,2048,7110,Public holiday,No wait,No,
Ocean Dream Samudra - Ancol,Luqman Azis,,5,03/06/2025 01:00:07,,,,,,,,,,,,,,,,,,,,,,,,-7606344019970755738,195,132,580,2048,7110,,,,
Ocean Dream Samudra - Ancol,Ahmad diva Ardian,,5,03/04/2025 12:51:47,,,,,,,,,,,,,,,,,,,,,,,,-7606344019970755738,195,132,580,2048,7110,Weekend,,,
Ocean Dream Samudra - Ancol,Ema Purnamasari,,5,03/03/2025 09:08:28,,,,,,,,,,,,,,,,,,,,,,,,-7606344019970755738,195,132,580,2048,7110,Weekday,Up to 10 min,Not sure,
Ocean Dream Samudra - Ancol,Belavita DJ,"Came here on weekday and it's kinda crowded due to student's outing class from several school. Better come here at morning cause some of the show starts at 9.15 and 9.45. I almost miss Mermaid show at 10.15 but i make it on time. On weekday, there are only 2 shows time available in each attraction except 5D show. I really enjoy all the show. There are also some rides available for children to ride on.",4,03/02/2025 23:25:33,,,,,,,,,,,,,,,,,,,,,,,,-7606344019970755738,195,132,580,2048,7110,Weekday,No wait,Yes,
Ocean Dream Samudra - Ancol,Alen Alfari,,4,03/02/2025 10:40:38,,,,,,,,,,,,,,,,,,,,,,,,-7606344019970755738,195,132,580,2048,7110,Weekday,Up to 10 min,Yes,
Ocean Dream Samudra - Ancol,Wafa Tsamrotul Fuadah,,4,03/01/2025 20:46:03,,,,,,,,,,,,,,,,,,,,,,,,-7606344019970755738,195,132,580,2048,7110,Weekday,Up to 10 min,Yes,
Ocean Dream Samudra - Ancol,st sulistyo,,5,02/27/2025 23:19:25,,,,,,,,,,,,,,,,,,,,,,,,-7606344019970755738,195,132,580,2048,7110,Weekday,No wait,Yes,
Ocean Dream Samudra - Ancol,meutia fitri hasan,"Sebenernya tempatnya bagus dan hiburannya oke. Mungkin sangat disayangkan pas saya ke lokasi dolphin show, kita harus naik tangga tinggi sedangkan posisinya saya ini bawa anak kecil dan lansia. Entah apa pertimbangan panitia tidak membuka lebih awal gate yang akses tanpa naik tangga.

Lalu masih terdapat beberapa pedagang dan tukang foto keliling yang cukup ""maksa"". Terutama tukang fotonya, saya rasa bila saya gak mau difoto gak perlulah difoto foto sembarang. Karena kan saya jadi bingung mau ditebus ya fotonya jelek, gak ditebus dia nya kasian. Minta tarif masa awalnya 35 ribu perfoto padahal shoot nya sembarangan dan kami jelas gamau difoto. Jadilah deal di 50000 untuk 5 foto.",4,02/27/2025 16:49:08,,,,,,,,,,,,,,,,,,,,,,,,-7606344019970755738,195,132,580,2048,7110,Weekday,No wait,Yes,
Ocean Dream Samudra - Ancol,siti rahayu,,5,02/26/2025 09:03:44,,,,,,,,,,,,,,,,,,,,,,,,-7606344019970755738,195,132,580,2048,7110,Weekday,No wait,,
Ocean Dream Samudra - Ancol,Hugo,,5,02/24/2025 09:56:21,,,,,,,,,,,,,,,,,,,,,,,,-7606344019970755738,195,132,580,2048,7110,Weekday,10–30 min,No,
Ocean Dream Samudra - Ancol,Taufik Fauzi,,5,02/24/2025 07:48:14,,,,,,,,,,,,,,,,,,,,,,,,-7606344019970755738,195,132,580,2048,7110,,,,
Ocean Dream Samudra - Ancol,Family Teknik,,5,02/23/2025 08:34:49,,,,,,,,,,,,,,,,,,,,,,,,-7606344019970755738,195,132,580,2048,7110,,,,
Ocean Dream Samudra - Ancol,intan editor,,5,02/22/2025 09:08:25,,,,,,,,,,,,,,,,,,,,,,,,-7606344019970755738,195,132,580,2048,7110,,,,
Ocean Dream Samudra - Ancol,Alya Setiyani,,5,02/22/2025 06:10:44,,,,,,,,,,,,,,,,,,,,,,,,-7606344019970755738,195,132,580,2048,7110,,,,
Ocean Dream Samudra - Ancol,Agung Dwi Purnomo,,5,02/22/2025 05:38:29,,,,,,,,,,,,,,,,,,,,,,,,-7606344019970755738,195,132,580,2048,7110,,Up to 10 min,Yes,
Ocean Dream Samudra - Ancol,Yoppy pratama,,4,02/21/2025 02:24:07,,,,,,,,,,,,,,,,,,,,,,,,-7606344019970755738,195,132,580,2048,7110,Weekday,,,
Ocean Dream Samudra - Ancol,Muhamad Zaelani,Masih worthit kalau promo,5,02/20/2025 09:24:17,,,,,,,,,,,,,,,,,,,,,,,,-7606344019970755738,195,132,580,2048,7110,,,,
Ocean Dream Samudra - Ancol,nnnkrnt,,4,02/20/2025 04:17:20,,,,,,,,,,,,,,,,,,,,,,,,-7606344019970755738,195,132,580,2048,7110,Weekday,10–30 min,Yes,
Ocean Dream Samudra - Ancol,Fitri Mutia Aryani,,5,02/19/2025 23:34:34,,,,,,,,,,,,,,,,,,,,,,,,-7606344019970755738,195,132,580,2048,7110,,,,
Ocean Dream Samudra - Ancol,Ibrahim Aji,"Kadang kurang kondusif kalau lagi banyak kegiatan anak sekolah acaranya jdi bentrok semua but so far so good, cuma agak lelah aja wkwkw",4,02/19/2025 21:40:10,,,,,,,,,,,,,,,,,,,,,,,,-7606344019970755738,195,132,580,2048,7110,,,,
Ocean Dream Samudra - Ancol,Nanang Wahyudi,Cocok buat anak dah pokonya,5,02/19/2025 13:31:02,,,,,,,,,,,,,,,,,,,,,,,,-7606344019970755738,195,132,580,2048,7110,Weekday,No wait,No,
Ocean Dream Samudra - Ancol,Deviana Widodo,"sy nntn dolpinshow keadaan penuh..sy berdiri kata petugas suruh duduk..sy duduk ditempat yg ksong..ehh petugasnya dtg lagi dgn muka g ramah..blg jgn duduk disitu,suruh cari tempat diatas..harusnya dr awal kasih tau donk..jangan berdiri silahkan cari tempat ddk diatas..dgn muka yg ramah..ini mah sumpah mukanya g enak bgt",1,02/19/2025 08:40:30,,,,,,,,,,,,,,,,,,,,,,,,-7606344019970755738,195,132,580,2048,7110,Weekday,,Yes,
Ocean Dream Samudra - Ancol,Asep Andi,,5,02/18/2025 23:27:02,,,,,,,,,,,,,,,,,,,,,,,,-7606344019970755738,195,132,580,2048,7110,Public holiday,10–30 min,Yes,
Ocean Dream Samudra - Ancol,Fitri Bawaihun,,5,02/18/2025 22:08:44,,,,,,,,,,,,,,,,,,,,,,,,-7606344019970755738,195,132,580,2048,7110,,,,
Ocean Dream Samudra - Ancol,Habibi sanwar,,5,02/18/2025 10:24:50,,,,,,,,,,,,,,,,,,,,,,,,-7606344019970755738,195,132,580,2048,7110,,,,
Ocean Dream Samudra - Ancol,Eip Polarbear,"Antrian tidak ada petugas yang mengawasi, petugas dan wahana tidak ramah anak berkebutuhan khusus",1,02/18/2025 09:23:54,,,,,,,,,,,,,,,,,,,,,,,,-7606344019970755738,195,132,580,2048,7110,,,,
Ocean Dream Samudra - Ancol,Hilma Ramidla Rahmah,,5,02/18/2025 08:29:29,,,,,,,,,,,,,,,,,,,,,,,,-7606344019970755738,195,132,580,2048,7110,,,,
Ocean Dream Samudra - Ancol,management jsg,"Seru, banyak permainan gratis buat anak dan dewasa",5,02/18/2025 08:07:32,,,,,,,,,,,,,,,,,,,,,,,,-7606344019970755738,195,132,580,2048,7110,Weekend,,,
Ocean Dream Samudra - Ancol,anggi anggia,,5,02/17/2025 11:42:47,,,,,,,,,,,,,,,,,,,,,,,,-7606344019970755738,195,132,580,2048,7110,,,,
Ocean Dream Samudra - Ancol,Giselle Lie,,5,02/17/2025 11:17:51,,,,,,,,,,,,,,,,,,,,,,,,-7606344019970755738,195,132,580,2048,7110,,,,
Ocean Dream Samudra - Ancol,Fiza Pijey,lingkungan dan staff tidak ramah special need. antrian barisan untuk masuk lokasi tidak teratur. jumlah orang yang masuk wahana tidak dibatasi sehingga crowded. toilet banjir dan bau,1,02/17/2025 08:42:49,,,,,,,,,,,,,,,,,,,,,,,,-7606344019970755738,195,132,580,2048,7110,Weekday,,,
Ocean Dream Samudra - Ancol,tya novitasari,Tidak ramah oleh anak special needs.... petugas tidak ramah dan kurang baik.... toilet banjir dan bau. Terlalu krodit dan tidak ada batasannya di setiap show.,1,02/17/2025 08:41:48,,,,,,,,,,,,,,,,,,,,,,,,-7606344019970755738,195,132,580,2048,7110,,,,
Ocean Dream Samudra - Ancol,aestetic name,"ga aksesibel untuk anak berkebutuhan khusus, tolong dong diedukasi staffnyaa, udah ga ramah, judes pulaa. pahami gimana anak anak berkebutuhan khusus. apa salahnya sih diutamakan dulu, fyi mereka ga bisa menunggu lama atau berakhir tantrum",1,02/17/2025 08:35:51,,,,,,,,,,,,,,,,,,,,,,,,-7606344019970755738,195,132,580,2048,7110,,,,
Ocean Dream Samudra - Ancol,Asri Lestari,"Seru banget, liat mermaid show, liat cinema 5d 😍 tempat sama fasilitas nya jga nyaman banget... Dan lebih mudah beli tiketnya online jauh² hari..",5,02/17/2025 03:31:36,,,,,,,,,,,,,,,,,,,,,,,,-7606344019970755738,195,132,580,2048,7110,Weekday,No wait,Yes,
Ocean Dream Samudra - Ancol,Ervina,"Kesana pas acara anak TK Se kabupaten, Masya Allah rame nyaa tapi setelah belasan tahun baru ke Ancol, sekarang udah bagus banget bangunan dan fasilitasnya",5,02/16/2025 15:12:10,,,,,,,,,,,,,,,,,,,,,,,,-7606344019970755738,195,132,580,2048,7110,Weekday,Up to 10 min,Yes,
Ocean Dream Samudra - Ancol,Tina Septiani,,5,02/15/2025 13:49:06,,,,,,,,,,,,,,,,,,,,,,,,-7606344019970755738,195,132,580,2048,7110,,,,
Ocean Dream Samudra - Ancol,Ummi guru Fiki,"Alhamdulillah TAUD Al ikhlas berkesempatan berkunjung di bulan Februari ke samudera ancol, di hari jumat karena berdasarkan rekomendasi dari pengelola jumat lebih sepi dari hari biasanya yang ada porseni sehingga sangat padat.
Kondisi nyaman memang pengunjung tidak terlalu membludak. Tapi ternyata wahana pertunjukan akan berhenti di jam 11-13 untuk para petugas sholat jum'at. Sebenarnya tidak. Masalah tapi sayangnya kondisi ini tidak di informasikan di awal akhirnya ada beberapa wanaha yang tidak bisa di saksikan karena menyesuaikan waktu kepulangan.
Alhamdulillah cuaca cerah",5,02/15/2025 03:37:43,,,,,,,,,,,,,,,,,,,,,,,,-7606344019970755738,195,132,580,2048,7110,Weekday,10–30 min,Yes,
Ocean Dream Samudra - Ancol,Yazid Chanel,,5,02/13/2025 07:56:17,,,,,,,,,,,,,,,,,,,,,,,,-7606344019970755738,195,132,580,2048,7110,,,,
Ocean Dream Samudra - Ancol,Aulia Herlina,,4,02/13/2025 00:34:03,,,,,,,,,,,,,,,,,,,,,,,,-7606344019970755738,195,132,580,2048,7110,,,,
Ocean Dream Samudra - Ancol,Gibran Gundul,,5,02/13/2025 00:05:47,,,,,,,,,,,,,,,,,,,,,,,,-7606344019970755738,195,132,580,2048,7110,,,,
Ocean Dream Samudra - Ancol,Laila Julinda,"bagus 🌟✨!!, cuman sayang bgt liat lumba² di aquarium doang, liat langsung nya full ngantri bgt :(.",5,02/12/2025 09:29:19,,,,,,,,,,,,,,,,,,,,,,,,-7606344019970755738,195,132,580,2048,7110,Weekday,10–30 min,,
Ocean Dream Samudra - Ancol,Zeeni Miftah,Keren,5,02/12/2025 08:46:32,,,,,,,,,,,,,,,,,,,,,,,,-7606344019970755738,195,132,580,2048,7110,,,,
Ocean Dream Samudra - Ancol,Narendra Wicaksana (Wicak),👍🏿👍🏿👍🏿,5,02/12/2025 02:36:35,,,,,,,,,,,,,,,,,,,,,,,,-7606344019970755738,195,132,580,2048,7110,,,,
Ocean Dream Samudra - Ancol,Irvan Mohamad,Nice place to get holiday with my family and kids,5,02/12/2025 02:32:28,,,,,,,,,,,,,,,,,,,,,,,,-7606344019970755738,195,132,580,2048,7110,Public holiday,Up to 10 min,No,
Ocean Dream Samudra - Ancol,Abdu Rohim,,5,02/11/2025 07:33:52,,,,,,,,,,,,,,,,,,,,,,,,-7606344019970755738,195,132,580,2048,7110,Weekend,,,
Ocean Dream Samudra - Ancol,Ratna Sari,,5,02/11/2025 07:16:32,,,,,,,,,,,,,,,,,,,,,,,,-7606344019970755738,195,132,580,2048,7110,,,,
Ocean Dream Samudra - Ancol,Zeni Zefriana,"Tempat tujuan wisata yang masih menjadi favorit keluarga hingga saat ini, mungkin lebih mengantisipasi penumpukan pengunjung pada saat hari libur bisa membeli tiket terusan pada banyak aplikasi.",5,02/11/2025 03:15:56,,,,,,,,,,,,,,,,,,,,,,,,-7606344019970755738,195,132,580,2048,7110,Public holiday,Up to 10 min,Yes,
Ocean Dream Samudra - Ancol,Mahrus Ali,,5,02/11/2025 02:43:39,,,,,,,,,,,,,,,,,,,,,,,,-7606344019970755738,195,132,580,2048,7110,Weekday,No wait,,
Ocean Dream Samudra - Ancol,Sari Nur Sabari,,5,02/10/2025 06:22:53,,,,,,,,,,,,,,,,,,,,,,,,-7606344019970755738,195,132,580,2048,7110,,,,
Ocean Dream Samudra - Ancol,Nana Panda 1,,5,02/09/2025 21:04:44,,,,,,,,,,,,,,,,,,,,,,,,-7606344019970755738,195,132,580,2048,7110,Public holiday,1 hr+,Yes,
Ocean Dream Samudra - Ancol,Anggi Auliya,,5,02/09/2025 15:37:04,,,,,,,,,,,,,,,,,,,,,,,,-7606344019970755738,195,132,580,2048,7110,Weekday,Up to 10 min,Yes,
Ocean Dream Samudra - Ancol,Ryang Chiyo,,5,02/08/2025 03:37:41,,,,,,,,,,,,,,,,,,,,,,,,-7606344019970755738,195,132,580,2048,7110,Weekend,Up to 10 min,No,
Ocean Dream Samudra - Ancol,naufal hilmi,,5,02/07/2025 03:22:41,,,,,,,,,,,,,,,,,,,,,,,,-7606344019970755738,195,132,580,2048,7110,,,,
Ocean Dream Samudra - Ancol,Mae Fira,,5,02/06/2025 10:27:30,,,,,,,,,,,,,,,,,,,,,,,,-7606344019970755738,195,132,580,2048,7110,Weekday,Up to 10 min,Not sure,
Ocean Dream Samudra - Ancol,hosam al zahrani,,1,02/05/2025 14:09:33,,,,,,,,,,,,,,,,,,,,,,,,-7606344019970755738,195,132,580,2048,7110,Weekday,No wait,Yes,
Ocean Dream Samudra - Ancol,Muhamad Al furqon,,5,02/04/2025 12:45:39,,,,,,,,,,,,,,,,,,,,,,,,-7606344019970755738,195,132,580,2048,7110,Weekday,10–30 min,,
Ocean Dream Samudra - Ancol,Rahayu Oktaliyanti,"Jangan ke samudra dah rugiiii, mending ke taman safari sekalian biar kata mahal juga, banyak anak sekolah numpukkkk disitu percuma gak bisa liat wahana wahannya",1,02/04/2025 12:05:16,,,,,,,,,,,,,,,,,,,,,,,,-7606344019970755738,195,132,580,2048,7110,Weekday,1 hr+,Not sure,
Ocean Dream Samudra - Ancol,Reza Fahlevi27,"Senang sekali menginap di mercure ancol. Hotel yang sangat kids friendly. Cocok untuk family staycation. Staff front office sangat ramah, especially Kak Fitria, thank you for the free upgrade. Check in process very smooth",5,02/04/2025 09:36:32,,,,,,,,,,,,,,,,,,,,,,,,-7606344019970755738,195,132,580,2048,7110,,,,
Ocean Dream Samudra - Ancol,emil sipit,Sudah banyak perkembangan. Tempat bersih. layanan baik. Dtg pas waktu berbarengan anak2 sekolah.,5,02/04/2025 06:30:35,,,,,,,,,,,,,,,,,,,,,,,,-7606344019970755738,195,132,580,2048,7110,Weekday,Up to 10 min,No,
Ocean Dream Samudra - Ancol,Bambang Sutejo,Senang sekali bisa berkunjung kesini,5,02/04/2025 04:14:41,,,,,,,,,,,,,,,,,,,,,,,,-7606344019970755738,195,132,580,2048,7110,,,,
Ocean Dream Samudra - Ancol,Nasywa althafunnisa Haryono,,4,02/03/2025 10:49:39,,,,,,,,,,,,,,,,,,,,,,,,-7606344019970755738,195,132,580,2048,7110,Public holiday,10–30 min,No,
Ocean Dream Samudra - Ancol,myraocto,"Kesini lagi setelah 5th lamanya, pasca Aksera dari pasar seni Ancol. edukasi anak² ttg dunia lumba², singa laut, penguin, pertunjukkan mermaid, wahana bermain lainnya. pertunjukkan ada jam jamnya, maka sebaiknya sudah diperhitungkan biar dapet semuanya.",5,02/03/2025 06:33:38,,,,,,,,,,,,,,,,,,,,,,,,-7606344019970755738,195,132,580,2048,7110,,,,
Ocean Dream Samudra - Ancol,cica rubyJane,"Pas mau dateng harus cek jam show, aku salah harusnya ke samudra dlu baru ke sea world biar ga ketinggalan byk show",4,02/02/2025 13:17:46,,,,,,,,,,,,,,,,,,,,,,,,-7606344019970755738,195,132,580,2048,7110,,,,
Ocean Dream Samudra - Ancol,Farrazio Arsya Abvinatta,,5,02/02/2025 11:03:51,,,,,,,,,,,,,,,,,,,,,,,,-7606344019970755738,195,132,580,2048,7110,,,,
Ocean Dream Samudra - Ancol,Basil Juwono,"Great experience.
Much better if have bundling for photos & ticket",5,02/01/2025 16:42:44,,,,,,,,,,,,,,,,,,,,,,,,-7606344019970755738,195,132,580,2048,7110,Weekday,No wait,Yes,
Ocean Dream Samudra - Ancol,Ap.Aj. De,"Sangat rekomen untuk liburan bersama keluarga, terutama untuk anak-anak.
Tempat rekreasi untuk bermain, mengenal hewan, melihat pertunjukan hewan.

Tempatnya luas banget.
Ada pertunjukan singa laut, lumba-lumba, pinguin, mermaid, dll",5,02/01/2025 15:27:38,,,,,,,,,,,,,,,,,,,,,,,,-7606344019970755738,195,132,580,2048,7110,Weekday,,,
Ocean Dream Samudra - Ancol,Rendi,,5,02/01/2025 11:52:20,,,,,,,,,,,,,,,,,,,,,,,,-7606344019970755738,195,132,580,2048,7110,,,,
Ocean Dream Samudra - Ancol,Fiki Ari Rusli,,5,02/01/2025 11:17:53,,,,,,,,,,,,,,,,,,,,,,,,-7606344019970755738,195,132,580,2048,7110,,,,
Ocean Dream Samudra - Ancol,romex biagi,Bagus untuk liburan keluarga,5,01/31/2025 05:59:38,,,,,,,,,,,,,,,,,,,,,,,,-7606344019970755738,195,132,580,2048,7110,Public holiday,,,
Ocean Dream Samudra - Ancol,Senia Wulandari,"Seru, untuk anak anak juga interaktif",5,01/31/2025 03:36:11,,,,,,,,,,,,,,,,,,,,,,,,-7606344019970755738,195,132,580,2048,7110,Weekday,No wait,Yes,
